file	EN	PL	reason
DA_Business/Repository/BaronyRepos/BaronyRepository.cs	{info.ShortEn} {PpbFormat.Additive(grant[info.Key])}	{info.ShortPl} {PpbFormat.Additive(grant[info.Key])}	interpolation/format
DA_Business/Repository/BaronyRepos/BaronyRepository.cs	Cannot allocate {info.NameEn} while paying with {dto.EffectiveCostMode}.	Cannot allocate {info.NamePl} while paying with {dto.EffectiveCostMode}.	interpolation/format
DA_Business/Repository/BaronyRepos/BaronyRepository.cs	Cannot allocate more {info.NameEn} than remaining ({PpbFormat.Number(remaining)}).	Cannot allocate more {info.NamePl} than remaining ({PpbFormat.Number(remaining)}).	interpolation/format
DA_Business/Repository/BaronyRepos/BaronyRepository.cs	Not enough {info.NameEn} in stock ({PpbFormat.Number(stocks[info.Key])} available).	Not enough {info.NamePl} in stock ({PpbFormat.Number(stocks[info.Key])} available).	interpolation/format
DA_Common/Barony/BaronReputationTiers.cs	−15 Loyalty and +5 Corruption; −15 Economy, Defense, and Intelligence; −3 Bluff and Trade.	−15 Lojalność i +5 Korupcja; −15 Ekonomia, Obrona i Wywiad; −3 Blef i Handel.	non-texty literal
DA_Common/Barony/BaronReputationTiers.cs	−8 Loyalty and +3 Corruption; −8 Economy, Defense, and Intelligence; −2 Bluff and Trade.	−8 Lojalność i +3 Korupcja; −8 Ekonomia, Obrona i Wywiad; −2 Blef i Handel.	non-texty literal
DA_Common/Barony/BaronReputationTiers.cs	−3 Loyalty and +1 Corruption; −3 Economy, Defense, and Intelligence; −1 Bluff and Trade.	−3 Lojalność i +1 Korupcja; −3 Ekonomia, Obrona i Wywiad; −1 Blef i Handel.	non-texty literal
DA_Common/Barony/BaronReputationTiers.cs	+3 Loyalty and −1 Corruption; +3 Economy, Defense, and Intelligence; +1 Bluff and Trade.	+3 Lojalność i −1 Korupcja; +3 Ekonomia, Obrona i Wywiad; +1 Blef i Handel.	non-texty literal
DA_Common/Barony/BaronReputationTiers.cs	+5 Loyalty and −3 Corruption; +8 Economy, Defense, and Intelligence; +2 Bluff and Trade.	+5 Lojalność i −3 Korupcja; +8 Ekonomia, Obrona i Wywiad; +2 Blef i Handel.	non-texty literal
DA_Common/Barony/BaronReputationTiers.cs	+8 Loyalty and −5 Corruption; +15 Economy, Defense, and Intelligence; +3 Bluff and Trade.	+8 Lojalność i −5 Korupcja; +15 Ekonomia, Obrona i Wywiad; +3 Blef i Handel.	non-texty literal
DA_Common/Barony/BaronReputationTiers.cs	+15 Loyalty and −10 Corruption; +30 Economy, Defense, and Intelligence; +5 Bluff and Trade.	+15 Lojalność i −10 Korupcja; +30 Ekonomia, Obrona i Wywiad; +5 Blef i Handel.	non-texty literal
DA_Common/Barony/BaronReputationTiers.cs	−15 Stability and Law; −15 Production, Food, and Defense; −3 Intimidate and Inspire (Command).	−15 Stabilność i Prawo; −15 Produkcja, Wyżywienie i Obrona; −3 Zastraszanie i Inspiracja (Dowodzenie).	non-texty literal
DA_Common/Barony/BaronReputationTiers.cs	−8 Stability and Law; −8 Production, Food, and Defense; −2 Intimidate and Inspire (Command).	−8 Stabilność i Prawo; −8 Produkcja, Wyżywienie i Obrona; −2 Zastraszanie i Inspiracja (Dowodzenie).	non-texty literal
DA_Common/Barony/BaronReputationTiers.cs	−3 Stability and Law; −3 Production, Food, and Defense; −1 Intimidate and Inspire (Command).	−3 Stabilność i Prawo; −3 Produkcja, Wyżywienie i Obrona; −1 Zastraszanie i Inspiracja (Dowodzenie).	non-texty literal
DA_Common/Barony/BaronyUiTooltips.cs	MG modifier {(modifier > 0 ? 	korekta MG {(modifier > 0 ? 	interpolation/format
DA_Common/Barony/BaronyUiTooltips.cs	Economic conjuncture this turn: {effective} (2d6 = {dice}, {modText}).\n	Koniunktura gospodarcza w tej turze: {effective} (2d6 = {dice}, {modText}).\n	interpolation/format
DA_Common/Barony/BaronyUiTooltips.cs	(1) net Gold profit (Economy + Conjuncture) × {EconomyConjunctureFormulas.NetProfitGoldFactor:0}; 	(1) zysk netto w Złocie (Ekonomia + Koniunktura) × {EconomyConjunctureFormulas.NetProfitGoldFactor:0}; 	interpolation/format
DA_Common/Barony/BaronyUiTooltips.cs	(2) (Conjuncture − 7) in the % formula on Gold, Production, Loyalty, Stability, Magic, Culture, Science, and Defense.	(2) (Koniunktura − 7) we wzorze % dla Złota, Produkcji, Lojalności, Stabilności, Magii, Kultury, Nauki i Obrony.	non-texty literal
DA_Common/Barony/BaronyUiTooltips.cs	Domain Panel grand total for {name} this turn: {PpbFormat.Additive(value)}.\n	Suma całkowita Panelu Domeny dla {name} w tej turze: {PpbFormat.Additive(value)}.\n	interpolation/format
DA_Common/Barony/BaronyUiTooltips.cs	(Economy + Conjuncture) × {EconomyConjunctureFormulas.NetProfitGoldFactor:0}.	(Ekonomia + Koniunktura) × {EconomyConjunctureFormulas.NetProfitGoldFactor:0}.	interpolation/format
DA_Common/Barony/BaronyUiTooltips.cs	Current stock: {PpbFormat.Number(stock)}.\n	Bieżący zapas: {PpbFormat.Number(stock)}.\n	interpolation/format
DA_Common/Barony/BaronyUiTooltips.cs	Expected change this turn: {deltaText} (Domain Panel grand total).	Oczekiwana zmiana w tej turze: {deltaText} (suma całkowita Panelu Domeny).	interpolation/format
DA_Common/Barony/FiefTributeFormulas.cs	= Gross income × {ClampPercent(liegeTributePercent):0.#}%\n	= Dochód brutto × {ClampPercent(liegeTributePercent):0.#}%\n	interpolation/format
DA_Common/Barony/FiefTributeFormulas.cs	Gross income (Domain Panel gold income before expenses) = {PpbFormat.Number(grossIncome)}.\n	Dochód brutto (dochód w złocie z Panelu Domeny przed wydatkami) = {PpbFormat.Number(grossIncome)}.\n	interpolation/format
DA_Common/Barony/FiefTributeFormulas.cs	Tribute to senior = {PpbFormat.Number(tribute)} gold.	Trybut dla suzerena = {PpbFormat.Number(tribute)} złota.	interpolation/format
DA_Common/Barony/FiefTributeFormulas.cs	= Village gold × {ClampPercent(vassalTributePercent):0.#}%\n	= Złoto wioski × {ClampPercent(vassalTributePercent):0.#}%\n	interpolation/format
DA_Common/Barony/FiefTributeFormulas.cs	Full village gold = {PpbFormat.Number(fullTreasury)}; baron keeps {PpbFormat.Number(kept)} 	Pełne złoto wioski = {PpbFormat.Number(fullTreasury)}; baron zachowuje {PpbFormat.Number(kept)} 	interpolation/format
DA_Common/Barony/FiefTributeFormulas.cs	Default {DefaultPercent:0}%; MG can change the rate on Budget.	Domyślnie {DefaultPercent:0}%; MG może zmienić stawkę w Budżecie.	interpolation/format
DA_Common/Barony/FiefTributeFormulas.cs	Default {DefaultPercent:0}%; MG can change the rate on Budget.	Domyślnie {DefaultPercent:0}%; MG może zmienić stawkę w Budżecie.	interpolation/format
DA_Common/Barony/LuxuryGoodsAccessCatalog.cs	−2 Stability, −2 Loyalty	−2 Stabilność, −2 Lojalność	non-texty literal
DA_Common/Barony/MarchMapTradeRouteDisplay.cs	Route to {lord.Holdings}	Trasa do {lord.Holdings}	interpolation/format
DA_Common/Barony/MarchMapTradeRouteDisplay.cs	{name} (pending)	{name} (w toku)	interpolation/format
DA_Common/Barony/TradeGoodAvailability.cs	noteParts.Add($"{availableGoods.Count} available good{(availableGoods.Count == 1 ? "" : "s")}");	noteParts.Add($"dostępne towary: {availableGoods.Count}");	unresolved line
DA_Common/Barony/TradeGoodAvailability.cs	luxury — {luxury.NameEn}	luksus — {luxury.NameEn}	interpolation/format
DA_Common/Barony/TradeGoodAvailability.cs	route economy {PpbFormat.Additive(routeEconomy)}	ekonomia trasy {PpbFormat.Additive(routeEconomy)}	interpolation/format
DA_Common/Barony/TradeGoodAvailability.cs	customs & sweeteners {PpbFormat.Additive(-goldOutflow)} Gold	cła i zachęty {PpbFormat.Additive(-goldOutflow)} Złota	interpolation/format
DA_Common/Barony/UnitEquipmentCatalog.cs	{w.Name}: need Build {w.RequiredBuild} (have {build}).	{w.Name}: wymaga Budowy {w.RequiredBuild} (masz {build}).	interpolation/format
DA_Common/Barony/UnitEquipmentCatalog.cs	{w.Name}: need Agility {w.RequiredAgility} (have {agility}).	{w.Name}: wymaga Zwinności {w.RequiredAgility} (masz {agility}).	interpolation/format
DA_Common/Barony/UnitEquipmentCatalog.cs	{a.Name}: need Build {a.RequiredBuild} (have {build}).	{a.Name}: wymaga Budowy {a.RequiredBuild} (masz {build}).	interpolation/format
DA_Common/Barony/UnitEquipmentCatalog.cs	{a.Name}: need Armor skill {a.RequiredArmorSkill} (have {armorSkill}).	{a.Name}: wymaga umiejętności Pancerz {a.RequiredArmorSkill} (masz {armorSkill}).	interpolation/format
DA_Common/Barony/UnitEquipmentCatalog.cs	{m.Name}: need Riding {m.RequiredRiding} (have {ridingSkill}).	{m.Name}: wymaga Jazdy {m.RequiredRiding} (masz {ridingSkill}).	interpolation/format
DA_Common/Barony/UnitRecruitAndSkills.cs	Press-ganged recruits. Loyalty −7 and Stability −7 for 3 turns.	Wcieleni pod przymusem rekruci. Lojalność −7 i Stabilność −7 przez 3 tury.	non-texty literal
DA_Common/Barony/UnitRecruitAndSkills.cs	No Defense/gold cost. Starts event Forced hire: Loyalty −7, Stability −7 for 3 turns.	Brak kosztu Obrony/złota. Rozpoczyna wydarzenie „Przymusowy zaciąg”: Lojalność −7, Stabilność −7 przez 3 tury.	non-texty literal
DA_Common/RollService.cs	{skill} + {roll.Text} is {RichText.BoldText(total.ToString())} vs DC: {RichText.BoldText(dc.ToString())}. {RichText.BoldText(outcome)}	{skill} + {roll.Text} to {RichText.BoldText(total.ToString())} vs PT: {RichText.BoldText(dc.ToString())}. {RichText.BoldText(outcome)}	interpolation/format
DA_Common/RollService.cs	Tie! {RichText.BoldText(name1)} wins on equal totals.	Remis! {RichText.BoldText(name1)} wygrywa przy równych sumach.	interpolation/format
DA_Common/RollService.cs	{RichText.BoldText(name1)} wins!	{RichText.BoldText(name1)} wygrywa!	interpolation/format
DA_Common/RollService.cs	{RichText.BoldText(name2)} wins!	{RichText.BoldText(name2)} wygrywa!	interpolation/format
DagoniteEmpire/Account/Pages/ConfirmEmail.razor	Error loading user with ID {UserId}	Błąd podczas ładowania użytkownika o identyfikatorze {UserId}	interpolation/format
DagoniteEmpire/Account/Pages/ConfirmEmailChange.razor	Unable to find user with Id '{userId}'	Nie można znaleźć użytkownika o identyfikatorze '{userId}'	interpolation/format
DagoniteEmpire/Account/Pages/ExternalLogin.razor	<h2>Associate your @ProviderDisplayName account.</h2>	<h2>Powiąż swoje konto @ProviderDisplayName.</h2>	unresolved line
DagoniteEmpire/Account/Pages/ExternalLogin.razor	You've successfully authenticated with <strong>@ProviderDisplayName</strong>.	Uwierzytelnianie przez <strong>@ProviderDisplayName</strong> zakończyło się pomyślnie.	unresolved line
DagoniteEmpire/Account/Pages/ExternalLogin.razor	Error from external provider: {RemoteError}	Błąd z zewnętrznego dostawcy: {RemoteError}	interpolation/format
DagoniteEmpire/Account/Pages/ExternalLogin.razor	Please confirm your account by <a href='{HtmlEncoder.Default.Encode(callbackUrl)}'>clicking here</a>.	Potwierdź swoje konto, <a href='{HtmlEncoder.Default.Encode(callbackUrl)}'>klikając tutaj</a>.	interpolation/format
DagoniteEmpire/Account/Pages/ExternalLogin.razor	Error: {string.Join(	Błąd: {string.Join(	interpolation/format
DagoniteEmpire/Account/Pages/ExternalLogin.razor	[Required]	[Required(ErrorMessage = "Pole {0} jest wymagane.")]	unresolved line
DagoniteEmpire/Account/Pages/ExternalLogin.razor	[EmailAddress]	[EmailAddress(ErrorMessage = "Pole {0} musi być prawidłowym adresem e-mail.")]	unresolved line
DagoniteEmpire/Account/Pages/ForgotPassword.razor	Please reset your password by <a href='{HtmlEncoder.Default.Encode(callbackUrl)}'>clicking here</a>.	Zresetuj swoje hasło, <a href='{HtmlEncoder.Default.Encode(callbackUrl)}'>klikając tutaj</a>.	interpolation/format
DagoniteEmpire/Account/Pages/ForgotPassword.razor	[Required]	[Required(ErrorMessage = "Pole {0} jest wymagane.")]	unresolved line
DagoniteEmpire/Account/Pages/ForgotPassword.razor	[EmailAddress]	[EmailAddress(ErrorMessage = "Pole {0} musi być prawidłowym adresem e-mail.")]	unresolved line
DagoniteEmpire/Account/Pages/Login.razor	<p>- Password: Guest123*</p>	<p>- Hasło: Guest123*</p>	unresolved line
DagoniteEmpire/Account/Pages/Login.razor	<p>- Password: Guest123*</p>	<p>- Hasło: Guest123*</p>	unresolved line
DagoniteEmpire/Account/Pages/Login.razor	[Required]	[Required(ErrorMessage = "Pole {0} jest wymagane.")]	unresolved line
DagoniteEmpire/Account/Pages/Login.razor	[EmailAddress]	[EmailAddress(ErrorMessage = "Pole {0} musi być prawidłowym adresem e-mail.")]	unresolved line
DagoniteEmpire/Account/Pages/Login.razor	[Required]	[Required(ErrorMessage = "Pole {0} jest wymagane.")]	unresolved line
DagoniteEmpire/Account/Pages/LoginWith2fa.razor	[Required]	[Required(ErrorMessage = "Pole {0} jest wymagane.")]	unresolved line
DagoniteEmpire/Account/Pages/LoginWith2fa.razor	The {0} must be at least {2} and at max {1} characters long.	Pole {0} musi mieć co najmniej {2} i maksymalnie {1} znaków.	interpolation/format
DagoniteEmpire/Account/Pages/LoginWithRecoveryCode.razor	[Required]	[Required(ErrorMessage = "Pole {0} jest wymagane.")]	unresolved line
DagoniteEmpire/Account/Pages/Manage/ChangePassword.razor	Error: {string.Join(	Błąd: {string.Join(	interpolation/format
DagoniteEmpire/Account/Pages/Manage/ChangePassword.razor	[Required]	[Required(ErrorMessage = "Pole {0} jest wymagane.")]	unresolved line
DagoniteEmpire/Account/Pages/Manage/ChangePassword.razor	[Required]	[Required(ErrorMessage = "Pole {0} jest wymagane.")]	unresolved line
DagoniteEmpire/Account/Pages/Manage/ChangePassword.razor	The {0} must be at least {2} and at max {1} characters long.	Pole {0} musi mieć co najmniej {2} i maksymalnie {1} znaków.	interpolation/format
DagoniteEmpire/Account/Pages/Manage/Email.razor	Please confirm your account by <a href='{HtmlEncoder.Default.Encode(callbackUrl)}'>clicking here</a>.	Potwierdź swoje konto, <a href='{HtmlEncoder.Default.Encode(callbackUrl)}'>klikając tutaj</a>.	interpolation/format
DagoniteEmpire/Account/Pages/Manage/Email.razor	Please confirm your account by <a href='{HtmlEncoder.Default.Encode(callbackUrl)}'>clicking here</a>.	Potwierdź swoje konto, <a href='{HtmlEncoder.Default.Encode(callbackUrl)}'>klikając tutaj</a>.	interpolation/format
DagoniteEmpire/Account/Pages/Manage/Email.razor	[Required]	[Required(ErrorMessage = "Pole {0} jest wymagane.")]	unresolved line
DagoniteEmpire/Account/Pages/Manage/Email.razor	[EmailAddress]	[EmailAddress(ErrorMessage = "Pole {0} musi być prawidłowym adresem e-mail.")]	unresolved line
DagoniteEmpire/Account/Pages/Manage/EnableAuthenticator.razor	[Required]	[Required(ErrorMessage = "Pole {0} jest wymagane.")]	unresolved line
DagoniteEmpire/Account/Pages/Manage/EnableAuthenticator.razor	The {0} must be at least {2} and at max {1} characters long.	Pole {0} musi mieć co najmniej {2} i maksymalnie {1} znaków.	interpolation/format
DagoniteEmpire/Account/Pages/Manage/ExternalLogins.razor	Remove this @login.ProviderDisplayName login from your account	Usuń logowanie @login.ProviderDisplayName ze swojego konta	non-texty literal
DagoniteEmpire/Account/Pages/Manage/ExternalLogins.razor	Log in using your @provider.DisplayName account	Zaloguj się przy użyciu konta @provider.DisplayName	non-texty literal
DagoniteEmpire/Account/Pages/Manage/Index.razor	[Phone]	[Phone(ErrorMessage = "Pole {0} musi być prawidłowym numerem telefonu.")]	unresolved line
DagoniteEmpire/Account/Pages/Manage/SetPassword.razor	Error: {string.Join(	Błąd: {string.Join(	interpolation/format
DagoniteEmpire/Account/Pages/Manage/SetPassword.razor	[Required]	[Required(ErrorMessage = "Pole {0} jest wymagane.")]	unresolved line
DagoniteEmpire/Account/Pages/Manage/SetPassword.razor	The {0} must be at least {2} and at max {1} characters long.	Pole {0} musi mieć co najmniej {2} i maksymalnie {1} znaków.	interpolation/format
DagoniteEmpire/Account/Pages/Manage/TwoFactorAuthentication.razor	<strong>You have @recoveryCodesLeft recovery codes left.</strong>	<strong>Pozostało Ci @recoveryCodesLeft kodów odzyskiwania.</strong>	unresolved line
DagoniteEmpire/Account/Pages/Register.razor	Error: {string.Join(	Błąd: {string.Join(	interpolation/format
DagoniteEmpire/Account/Pages/Register.razor	Please confirm your account by <a href='{HtmlEncoder.Default.Encode(callbackUrl)}'>clicking here</a>.	Potwierdź swoje konto, <a href='{HtmlEncoder.Default.Encode(callbackUrl)}'>klikając tutaj</a>.	interpolation/format
DagoniteEmpire/Account/Pages/Register.razor	[Required]	[Required(ErrorMessage = "Pole {0} jest wymagane.")]	unresolved line
DagoniteEmpire/Account/Pages/Register.razor	The {0} must be at least {2} and at max {1} characters long.	Pole {0} musi mieć co najmniej {2} i maksymalnie {1} znaków.	interpolation/format
DagoniteEmpire/Account/Pages/Register.razor	[Required]	[Required(ErrorMessage = "Pole {0} jest wymagane.")]	unresolved line
DagoniteEmpire/Account/Pages/Register.razor	[Required]	[Required(ErrorMessage = "Pole {0} jest wymagane.")]	unresolved line
DagoniteEmpire/Account/Pages/Register.razor	[EmailAddress]	[EmailAddress(ErrorMessage = "Pole {0} musi być prawidłowym adresem e-mail.")]	unresolved line
DagoniteEmpire/Account/Pages/Register.razor	[Required]	[Required(ErrorMessage = "Pole {0} jest wymagane.")]	unresolved line
DagoniteEmpire/Account/Pages/Register.razor	The {0} must be at least {2} and at max {1} characters long.	Pole {0} musi mieć co najmniej {2} i maksymalnie {1} znaków.	interpolation/format
DagoniteEmpire/Account/Pages/ResendEmailConfirmation.razor	Please confirm your account by <a href='{HtmlEncoder.Default.Encode(callbackUrl)}'>clicking here</a>.	Potwierdź swoje konto, <a href='{HtmlEncoder.Default.Encode(callbackUrl)}'>klikając tutaj</a>.	interpolation/format
DagoniteEmpire/Account/Pages/ResendEmailConfirmation.razor	[Required]	[Required(ErrorMessage = "Pole {0} jest wymagane.")]	unresolved line
DagoniteEmpire/Account/Pages/ResendEmailConfirmation.razor	[EmailAddress]	[EmailAddress(ErrorMessage = "Pole {0} musi być prawidłowym adresem e-mail.")]	unresolved line
DagoniteEmpire/Account/Pages/ResetPassword.razor	Error: {string.Join(	Błąd: {string.Join(	interpolation/format
DagoniteEmpire/Account/Pages/ResetPassword.razor	[Required]	[Required(ErrorMessage = "Pole {0} jest wymagane.")]	unresolved line
DagoniteEmpire/Account/Pages/ResetPassword.razor	[EmailAddress]	[EmailAddress(ErrorMessage = "Pole {0} musi być prawidłowym adresem e-mail.")]	unresolved line
DagoniteEmpire/Account/Pages/ResetPassword.razor	[Required]	[Required(ErrorMessage = "Pole {0} jest wymagane.")]	unresolved line
DagoniteEmpire/Account/Pages/ResetPassword.razor	The {0} must be at least {2} and at max {1} characters long.	Pole {0} musi mieć co najmniej {2} i maksymalnie {1} znaków.	interpolation/format
DagoniteEmpire/Account/Pages/ResetPassword.razor	[Required]	[Required(ErrorMessage = "Pole {0} jest wymagane.")]	unresolved line
DagoniteEmpire/Account/PolishIdentityErrorDescriber.cs		using Microsoft.AspNetCore.Identity; |  | namespace DagoniteEmpire.Account; |  | /// <summary> | /// Polskie komunikaty błędów ASP.NET Core Identity (reguły haseł, konta, role). | /// </summary> | pub	unbalanced hunk
DagoniteEmpire/Account/Shared/ExternalLoginPicker.razor	about setting up this ASP.NET application to support logging in via external services</a>.	o konfigurowaniu tej aplikacji ASP.NET do obsługi logowania za pośrednictwem usług zewnętrznych</a>.	unresolved line
DagoniteEmpire/Account/Shared/ExternalLoginPicker.razor	Log in using your @provider.DisplayName account	Zaloguj się przy użyciu konta @provider.DisplayName	non-texty literal
DagoniteEmpire/Pages/Barony/ArmyPage.razor	<PageTitle>Dagonite Empire | Army</PageTitle>	<PageTitle>Dagonitowe Imperium | Armia</PageTitle>	unresolved line
DagoniteEmpire/Pages/Barony/ArmyPage.razor	(@_units.Count(u => u.IsActive) active · @_units.Count(u => u.IsTraining) still training).	(@_units.Count(u => u.IsActive) aktywne · @_units.Count(u => u.IsTraining) wciąż w szkoleniu).	unresolved line
DagoniteEmpire/Pages/Barony/ArmyPage.razor	Unit “{result.Unit.Name}” ready.	Oddział “{result.Unit.Name}” gotowy.	interpolation/format
DagoniteEmpire/Pages/Barony/ArmyPage.razor	Training project “{result.Project.Name}” created — fund it on Projects.	Utworzono projekt szkolenia “{result.Project.Name}” — sfinansuj go w Projektach.	interpolation/format
DagoniteEmpire/Pages/Barony/ArmyPage.razor	 Event “{recruit.EventEffect.Name}” started.	 Rozpoczęto wydarzenie “{recruit.EventEffect.Name}”.	interpolation/format
DagoniteEmpire/Pages/Barony/AudiencesPage.razor	<PageTitle>Dagonite Empire | Audiences</PageTitle>	<PageTitle>Dagonitowe Imperium | Audiencje</PageTitle>	unresolved line
DagoniteEmpire/Pages/Barony/AudiencesPage.razor	Additive PPB → Domain Panel Events · cumulative resources → Resource Balance (stocks immediately) · PHP → Baron Card (From Adventures).	Dodatki PPB → Wydarzenia Panelu Domeny · skumulowane zasoby → Bilans zasobów (od razu do zapasów) · PHP → Karta Barona (Z przygód).	unresolved line
DagoniteEmpire/Pages/Barony/AudiencesPage.razor	@info.NameEn	@info.NamePl	non-texty literal
DagoniteEmpire/Pages/Barony/AudiencesPage.razor	MG Speak as lists all courtiers from Court.	„Mów jako” MG wypisuje wszystkich dworzan z Dworu.	unresolved line
DagoniteEmpire/Pages/Barony/AudiencesPage.razor	<span>Turn @folder.Turn</span>	<span>Tura @folder.Turn</span>	unresolved line
DagoniteEmpire/Pages/Barony/AudiencesPage.razor	Created project \"{created.Name}\".	Utworzono projekt \"{created.Name}\".	interpolation/format
DagoniteEmpire/Pages/Barony/AudiencesPage.razor	From audience \"{a.Title}\" with {a.PetitionerName} (turn {a.TurnNumber}).	Z audiencji \"{a.Title}\" z {a.PetitionerName} (tura {a.TurnNumber}).	interpolation/format
DagoniteEmpire/Pages/Barony/AudiencesPage.razor	Chapter created: \"{chapter.Name}\".	Utworzono rozdział: \"{chapter.Name}\".	interpolation/format
DagoniteEmpire/Pages/Barony/AudiencesPage.razor	Chapter already exists: \"{chapter.Name}\".	Rozdział już istnieje: \"{chapter.Name}\".	interpolation/format
DagoniteEmpire/Pages/Barony/AudiencesPage.razor	Defer \"{a.Title}\" to next turn? It will reopen with the last exchange.	Odroczyć \"{a.Title}\" do następnej tury? Zostanie ponownie otwarta z ostatnią wymianą.	interpolation/format
DagoniteEmpire/Pages/Barony/AudiencesPage.razor	Dismiss \"{a.Title}\"? The petitioner will leave without a resolution.	Oddalić \"{a.Title}\"? Petent odejdzie bez rozstrzygnięcia.	interpolation/format
DagoniteEmpire/Pages/Barony/AudiencesPage.razor	    private static string PpbShort(Ppb p) => p switch |     { |         Ppb.Food => "Food", |         Ppb.Economy => "Econ", |         Ppb.Production => "Prod", |         Ppb.Loyalty => "Loy", |      	    private static string PpbShort(Ppb p) => PpbCatalog.Short(p);	unbalanced hunk
DagoniteEmpire/Pages/Barony/BaronCardPage.razor	<PageTitle>Dagonite Empire | Baron</PageTitle>	<PageTitle>Dagonitowe Imperium | Baron</PageTitle>	unresolved line
DagoniteEmpire/Pages/Barony/BattleMapPage.razor	<PageTitle>Dagonite Empire | Battle</PageTitle>	<PageTitle>Dagonitowe Imperium | Bitwa</PageTitle>	unresolved line
DagoniteEmpire/Pages/Barony/BattleMapPage.razor	· @GetPlanBudget(ActiveToken) move left	· @GetPlanBudget(ActiveToken) ruchu pozostało	unresolved line
DagoniteEmpire/Pages/Barony/BattleMapPage.razor	Enemy order: @ActiveToken!.Label — waiting for the Game Master.	Rozkaz przeciwnika: @ActiveToken!.Label — oczekiwanie na Mistrza Gry.	unresolved line
DagoniteEmpire/Pages/Barony/BattleMapPage.razor	@(onMap?.TroopCount ?? unit.TroopCount) men	@(onMap?.TroopCount ?? unit.TroopCount) ludzi	unresolved line
DagoniteEmpire/Pages/Barony/BattleMapPage.razor	@enemy.TroopCount men	@enemy.TroopCount ludzi	unresolved line
DagoniteEmpire/Pages/Barony/BattleMapPage.razor	0 = melee only; >0 = ranged unit	0 = tylko zwarcie; >0 = oddział dystansowy	non-texty literal
DagoniteEmpire/Pages/Barony/BattleMapPage.razor	Armor cut through by this unit's attacks; 0 = none	Pancerz przebijany przez ataki tego oddziału; 0 = brak	non-texty literal
DagoniteEmpire/Pages/Barony/BattleMapPage.razor	 ↻ turning	 ↻ obrót	non-texty literal
DagoniteEmpire/Pages/Barony/BattleMapPage.razor	{attacker.Label} is engaged — can only fight adjacent enemies.	{attacker.Label} jest związany walką — może walczyć tylko z sąsiednimi przeciwnikami.	interpolation/format
DagoniteEmpire/Pages/Barony/BattleMapPage.razor	{attacker.Label}'s charge attack is locked and cannot be changed.	Atak szarży oddziału {attacker.Label} jest zablokowany i nie może zostać zmieniony.	interpolation/format
DagoniteEmpire/Pages/Barony/BattleMapPage.razor	{attacker.Label} cleared attack order.	{attacker.Label} anulował rozkaz ataku.	interpolation/format
DagoniteEmpire/Pages/Barony/BattleMapPage.razor	{attacker.Label} shoot target: {planClicked.Label}{ShotPenaltyLabel(attacker, planClicked)}	{attacker.Label} cel strzału: {planClicked.Label}{ShotPenaltyLabel(attacker, planClicked)}	interpolation/format
DagoniteEmpire/Pages/Barony/BattleMapPage.razor	{attacker.Label} attack target: {planClicked.Label}	{attacker.Label} cel ataku: {planClicked.Label}	interpolation/format
DagoniteEmpire/Pages/Barony/BattleMapPage.razor	{token.Label} deployed at {FormatCell(x, y)}.	{token.Label} rozstawiony na {FormatCell(x, y)}.	interpolation/format
DagoniteEmpire/Pages/Barony/BattleMapPage.razor	{token.Label} recalled.	{token.Label} wycofany.	interpolation/format
DagoniteEmpire/Pages/Barony/BattleMapPage.razor	Remove “{token.Label}” from the battle map?	Usunąć „{token.Label}” z mapy bitwy?	interpolation/format
DagoniteEmpire/Pages/Barony/BattleMapPage.razor	Enemy {token.Label} removed.	Wróg {token.Label} usunięty.	interpolation/format
DagoniteEmpire/Pages/Barony/BattleMapPage.razor	Enemy {label} updated.	Wróg {label} zaktualizowany.	interpolation/format
DagoniteEmpire/Pages/Barony/BattleMapPage.razor	Enemy {token.Label} placed at {FormatCell(x, y)}.	Wróg {token.Label} umieszczony na {FormatCell(x, y)}.	interpolation/format
DagoniteEmpire/Pages/Barony/BattleMapPage.razor	{token.Label} moved to {FormatCell(nx, ny)}.	{token.Label} przemieścił się na {FormatCell(nx, ny)}.	interpolation/format
DagoniteEmpire/Pages/Barony/BattleMapPage.razor	{token.Label} cleared movement path.	{token.Label} wyczyścił ścieżkę ruchu.	interpolation/format
DagoniteEmpire/Pages/Barony/BattleMapPage.razor	{token.Label} locked waypoint at {FormatCell(nx, ny)} ({provisional.RemainingMoveAfter} move left).	{token.Label} zablokował punkt trasy na {FormatCell(nx, ny)} (pozostało ruchu: {provisional.RemainingMoveAfter}).	interpolation/format
DagoniteEmpire/Pages/Barony/BattleMapPage.razor	{token.Label} is engaged — moving at all costs a free half-strength hit.	{token.Label} jest związany walką — jakikolwiek ruch kosztuje darmowe trafienie o połowicznej sile.	interpolation/format
DagoniteEmpire/Pages/Barony/BattleMapPage.razor	{token.Label} is engaged — moving at all costs {freeHits} free half-strength hits.	{token.Label} jest związany walką — jakikolwiek ruch kosztuje {freeHits} darmowych trafień o połowicznej sile.	interpolation/format
DagoniteEmpire/Pages/Barony/BattleMapPage.razor	{token.Label} destination {FormatCell(nx, ny)} (cost {cost}, {remaining} left if locked).	{token.Label} cel {FormatCell(nx, ny)} (koszt {cost}, po zablokowaniu pozostanie {remaining}).	interpolation/format
DagoniteEmpire/Pages/Barony/BattleMapPage.razor	{token.Label} charges ({facing * 45}°) at {built.Target.Label} — +{atkB} Atk/+{dmgB} Dmg if contact holds.	{token.Label} szarżuje ({facing * 45}°) na {built.Target.Label} — +{atkB} do ataku/+{dmgB} do obrażeń, jeśli utrzyma kontakt.	interpolation/format
DagoniteEmpire/Pages/Barony/BattleMapPage.razor	{token.Label} charges ({facing * 45}°) in a straight line.	{token.Label} szarżuje ({facing * 45}°) w linii prostej.	interpolation/format
DagoniteEmpire/Pages/Barony/BattleMapPage.razor	{token.Label} facing set ({setupSnapped * 45}°).	{token.Label} kierunek ustawiony ({setupSnapped * 45}°).	interpolation/format
DagoniteEmpire/Pages/Barony/BattleMapPage.razor	{token.Label} facing unchanged.	{token.Label} kierunek bez zmian.	interpolation/format
DagoniteEmpire/Pages/Barony/BattleMapPage.razor	, −1 move	, −1 ruch	non-texty literal
DagoniteEmpire/Pages/Barony/BattleMapPage.razor	{token.Label} facing set ({snapped * 45}°){facingCostNote}.	{token.Label} kierunek ustawiony ({snapped * 45}°){facingCostNote}.	interpolation/format
DagoniteEmpire/Pages/Barony/BattleMapPage.razor	{token.Label} facing unchanged.	{token.Label} kierunek bez zmian.	interpolation/format
DagoniteEmpire/Pages/Barony/BattleMapPage.razor	{token.Label} takes Full Defense: +{BattleMovementRules.FullDefenseDefenseBonus} Defence, −{BattleMovementRules.FullDefenseAttackPenalty} Attack, no movement this round.	{token.Label} przyjmuje Pełną Obronę: +{BattleMovementRules.FullDefenseDefenseBonus} Obrony, −{BattleMovementRules.FullDefenseAttackPenalty} Ataku, brak ruchu w tej rundzie.	interpolation/format
DagoniteEmpire/Pages/Barony/BattleMapPage.razor	{token.Label} drops Full Defense.	{token.Label} rezygnuje z Pełnej Obrony.	interpolation/format
DagoniteEmpire/Pages/Barony/BattleMapPage.razor	{token.Label} braces — Ironclad: +2 Armor for this combat round.	{token.Label} przygotowuje się — Ironclad: +2 Pancerza na tę rundę walki.	interpolation/format
DagoniteEmpire/Pages/Barony/BattleMapPage.razor	Auto-assign attacks: {assigned} assigned, {cleared} cleared.	Automatyczne przydzielanie ataków: przydzielono {assigned}, wyczyszczono {cleared}.	interpolation/format
DagoniteEmpire/Pages/Barony/BattleMapPage.razor	Failed to update Army HP for {fled.Label}.	Nie udało się zaktualizować HP w Armii dla {fled.Label}.	interpolation/format
DagoniteEmpire/Pages/Barony/BattleMapPage.razor	Battle round {Math.Max(1, round)} summary: dealt {entry.DamageDealt}, took {entry.DamageTaken}, engaged rounds {entry.EngagedRounds}, kills {entry.Kills}, fled {(entry.Fled ? 	Podsumowanie rundy bitwy {Math.Max(1, round)}: zadane {entry.DamageDealt}, otrzymane {entry.DamageTaken}, rundy w starciu {entry.EngagedRounds}, zabici {entry.Kills}, ucieczka {(entry.Fled ? 	interpolation/format
DagoniteEmpire/Pages/Barony/BattleMapPage.razor	)} -> XP {entry.XpNetBase:+#;-#;0}.	)} -> PD {entry.XpNetBase:+#;-#;0}.	interpolation/format
DagoniteEmpire/Pages/Barony/BattleMapPage.razor	MG adjustment: {entry.MgBonusXp:+#;-#;0} XP.	Korekta MG: {entry.MgBonusXp:+#;-#;0} PD.	interpolation/format
DagoniteEmpire/Pages/Barony/BattleMapPage.razor	XP pool update: {beforePd} -> {unit.RemainingPd}.	Aktualizacja puli PD: {beforePd} -> {unit.RemainingPd}.	interpolation/format
DagoniteEmpire/Pages/Barony/BattleMapPage.razor	Captain {captain.Name} gained {gained} CX (pool {sheet.CommanderXp}).	Kapitan {captain.Name} zdobył {gained} CX (pula {sheet.CommanderXp}).	interpolation/format
DagoniteEmpire/Pages/Barony/BattleMapPage.razor	{active.Label} finished move → {FormatCell(end.X, end.Y)}.	{active.Label} zakończył ruch → {FormatCell(end.X, end.Y)}.	interpolation/format
DagoniteEmpire/Pages/Barony/BattleMapPage.razor	{active.Label} finished move (staying put).	{active.Label} zakończył ruch (pozostaje w miejscu).	interpolation/format
DagoniteEmpire/Pages/Barony/BattleMapPage.razor	{msg} All movement orders set — waiting for the Game Master to resolve.	{msg} Wszystkie rozkazy ruchu ustawione — oczekiwanie na rozstrzygnięcie przez Mistrza Gry.	interpolation/format
DagoniteEmpire/Pages/Barony/BattleMapPage.razor	{msg} Next: {nextTok.Label}.	{msg} Następny: {nextTok.Label}.	interpolation/format
DagoniteEmpire/Pages/Barony/BattleMapPage.razor	{active.Label} cleared movement plan.	{active.Label} wyczyścił plan ruchu.	interpolation/format
DagoniteEmpire/Pages/Barony/BattleMapPage.razor	Movement resolved — {moved} unit(s) moved. Attack planning phase.	Ruch rozstrzygnięty — poruszyło się oddziałów: {moved}. Faza planowania ataku.	interpolation/format
DagoniteEmpire/Pages/Barony/BattleMapPage.razor	Not every unit with an attack opportunity has a target: {sample}{suffix}. End attack planning anyway?	Nie każdy oddział z możliwością ataku ma cel: {sample}{suffix}. Zakończyć planowanie ataku mimo to?	interpolation/format
DagoniteEmpire/Pages/Barony/BattleMapPage.razor	Attack planning done — round {round} combat begins and attacks are resolved.	Planowanie ataków zakończone — rozpoczyna się runda {round} walki i ataki są rozstrzygane.	interpolation/format
DagoniteEmpire/Pages/Barony/BattleMapPage.razor	Round {Map.TurnState.Round} — movement phase (low → high initiative).	Runda {Map.TurnState.Round} — faza ruchu (od niskiej do wysokiej inicjatywy).	interpolation/format
DagoniteEmpire/Pages/Barony/BudgetPage.razor	<PageTitle>Dagonite Empire | Barony Budget</PageTitle>	<PageTitle>Dagonitowe Imperium | Budżet baronii</PageTitle>	unresolved line
DagoniteEmpire/Pages/Barony/BudgetPage.razor	Domain Panel Gold (@Num(_domainPanelGold)) − liege tribute (@Num(_liegeTribute))	Złoto z Panelu Domeny (@Num(_domainPanelGold)) − trybut dla seniora (@Num(_liegeTribute))	unresolved line
DagoniteEmpire/Pages/Barony/BudgetPage.razor	Turn balance = Domain Panel Final Gold − liege tribute.	Bilans tury = Złoto końcowe Panelu Domeny − trybut dla seniora.	unresolved line
DagoniteEmpire/Pages/Barony/BudgetPage.razor	({_vassalTributePercent:0.#}% on vassal lands; full gold on demesne). 	({_vassalTributePercent:0.#}% na ziemiach wasalnych; pełne złoto w domenie). 	interpolation/format
DagoniteEmpire/Pages/Barony/BudgetPage.razor	Remainder so Income − Expenses (before Fief tribute) equals Domain Panel Final Gold.	Reszta, aby Dochód − Wydatki (przed trybutem lenna) równały się Złotu końcowemu Panelu Domeny.	non-texty literal
DagoniteEmpire/Pages/Barony/BudgetPage.razor	Sum of negative Gold (−) from Domain Panel → City and Buildings.	Suma ujemnego Złota (−) z Panelu Domeny → Miasto i budynki.	non-texty literal
DagoniteEmpire/Pages/Barony/BudgetPage.razor	Sum of negative Gold (−) from Domain Panel → Social Groups.	Suma ujemnego Złota (−) z Panelu Domeny → Grupy społeczne.	non-texty literal
DagoniteEmpire/Pages/Barony/BudgetPage.razor	Sum of negative Gold (−) from Domain Panel → Terrain Improvements.	Suma ujemnego Złota (−) z Panelu Domeny → Ulepszenia terenu.	non-texty literal
DagoniteEmpire/Pages/Barony/BudgetPage.razor	Sum of negative Gold (−) from Domain Panel → Decrees and Technologies.	Suma ujemnego Złota (−) z Panelu Domeny → Dekrety i technologie.	non-texty literal
DagoniteEmpire/Pages/Barony/BudgetPage.razor	Sum of negative Gold (−) from Domain Panel → Events active this turn.	Suma ujemnego Złota (−) z Panelu Domeny → Wydarzenia aktywne w tej turze.	non-texty literal
DagoniteEmpire/Pages/Barony/BudgetPage.razor	Sum of negative Gold (−) from Domain Panel → Community.	Suma ujemnego Złota (−) z Panelu Domeny → Społeczność.	non-texty literal
DagoniteEmpire/Pages/Barony/BudgetPage.razor	Remainder so Income − Expenses (before Fief tribute) equals Domain Panel Final Gold.	Reszta, aby Dochód − Wydatki (przed trybutem lenna) równały się Złotu końcowemu Panelu Domeny.	non-texty literal
DagoniteEmpire/Pages/Barony/BudgetPage.razor	{kind} to the Baron’s purse: {amount} gold.	{kind} do sakiewki barona: {amount} złota.	interpolation/format
DagoniteEmpire/Pages/Barony/BudgetPage.razor	{kind}: {amount} gold.\n\n{src.Description.Trim()}	{kind}: {amount} złota.\n\n{src.Description.Trim()}	interpolation/format
DagoniteEmpire/Pages/Barony/BudgetPage.razor	Moved {PpbFormat.Number(amount)} gold from the barony treasury into the Baron’s purse.	Przeniesiono {PpbFormat.Number(amount)} złota ze skarbca baronii do sakiewki barona.	interpolation/format
DagoniteEmpire/Pages/Barony/BudgetPage.razor	Treasury → purse transfer of {PpbFormat.Number(amount)} gold (Resources balance / Budget).	Transfer skarbiec → sakiewka na {PpbFormat.Number(amount)} złota (Bilans zasobów / Budżet).	interpolation/format
DagoniteEmpire/Pages/Barony/BudgetPage.razor	Transferred {Num(amount)} to baron purse.	Przeniesiono {Num(amount)} do sakiewki barona.	interpolation/format
DagoniteEmpire/Pages/Barony/BudgetPage.razor	Moved {PpbFormat.Number(amount)} gold from the Baron’s purse back into the barony treasury.	Przeniesiono {PpbFormat.Number(amount)} złota z sakiewki barona z powrotem do skarbca baronii.	interpolation/format
DagoniteEmpire/Pages/Barony/BudgetPage.razor	Purse → treasury transfer of {PpbFormat.Number(amount)} gold (Resources balance / Budget).	Transfer sakiewka → skarbiec na {PpbFormat.Number(amount)} złota (Bilans zasobów / Budżet).	interpolation/format
DagoniteEmpire/Pages/Barony/BudgetPage.razor	Transferred {Num(amount)} to treasury.	Przeniesiono {Num(amount)} do skarbca.	interpolation/format
DagoniteEmpire/Pages/Barony/BudgetPage.razor	Remove “{src.Name}”?	Usunąć „{src.Name}”?	interpolation/format
DagoniteEmpire/Pages/Barony/BuildingsPage.razor	<PageTitle>Dagonite Empire | Buildings</PageTitle>	<PageTitle>Dagonitowe Imperium | Budynki</PageTitle>	unresolved line
DagoniteEmpire/Pages/Barony/BuildingsPage.razor	Catalog entry “{saved.Name}” created.	Utworzono pozycję katalogu “{saved.Name}”.	interpolation/format
DagoniteEmpire/Pages/Barony/BuildingsPage.razor	Catalog entry “{saved.Name}” updated.	Zaktualizowano pozycję katalogu “{saved.Name}”.	interpolation/format
DagoniteEmpire/Pages/Barony/BuildingsPage.razor	Delete catalog entry \"{template.Name}\"? This cannot be undone.	Usunąć pozycję katalogu \"{template.Name}\"? Tej operacji nie można cofnąć.	interpolation/format
DagoniteEmpire/Pages/Barony/BuildingsPage.razor	Catalog entry “{template.Name}” deleted.	Usunięto pozycję katalogu “{template.Name}”.	interpolation/format
DagoniteEmpire/Pages/Barony/Components/AdvisorSection.razor	    private static string PpbShort(Ppb p) => p switch |     { |         Ppb.Food => "Food", |         Ppb.Economy => "Econ", |         Ppb.Production => "Prod", |         Ppb.Loyalty => "Loy", |      	    private static string PpbShort(Ppb p) => PpbCatalog.Short(p);	unbalanced hunk
DagoniteEmpire/Pages/Barony/Components/ArmySection.razor	    private static string PpbShort(Ppb p) => p switch |     { |         Ppb.Food => "Food", |         Ppb.Economy => "Econ", |         Ppb.Production => "Prod", |         Ppb.Loyalty => "Loy", |      	    private static string PpbShort(Ppb p) => PpbCatalog.Short(p);	unbalanced hunk
DagoniteEmpire/Pages/Barony/Components/AudiencePanel.razor		wymiana	non-texty literal
DagoniteEmpire/Pages/Barony/Components/AudiencePanel.razor	@FmtPhp(x.Prestige) Prestige	@FmtPhp(x.Prestige) Prestiż	unresolved line
DagoniteEmpire/Pages/Barony/Components/AudiencePanel.razor	@FmtPhp(x.Fear) Fear	@FmtPhp(x.Fear) Postrach	unresolved line
DagoniteEmpire/Pages/Barony/Components/AudiencePanel.razor	Created chapter \"{chapterName}\".\n{ChapterLinkPrefix}{chapterId}	Utworzono rozdział \"{chapterName}\".\n{ChapterLinkPrefix}{chapterId}	interpolation/format
DagoniteEmpire/Pages/Barony/Components/AudiencePanel.razor	{_speakerMode} speaks…	{_speakerMode} mówi…	interpolation/format
DagoniteEmpire/Pages/Barony/Components/AudienceResourcesDialog.razor	Adds PPB and Prestige / Honor / Fear to this audience and posts a “Resource change” note.	Dodaje PPB oraz Prestiż / Honor / Strach do tej audiencji i dodaje notatkę „Zmiana zasobów”.	unresolved line
DagoniteEmpire/Pages/Barony/Components/AudienceResourcesDialog.razor	Non-cumulative PPB → Events · Cumulative PPB → Resources (Expected Income) · PHP → Baron Card (From Adventures).	Niekumulatywne PPB → Wydarzenia · Kumulatywne PPB → Zasoby (Oczekiwany dochód) · PHP → Karta Barona (Z przygód).	unresolved line
DagoniteEmpire/Pages/Barony/Components/AvailableAdvisorEditDialog.razor	@skill.NameEn	@skill.NamePl	non-texty literal
DagoniteEmpire/Pages/Barony/Components/AvailableAdvisorsSection.razor		osoba	non-texty literal
DagoniteEmpire/Pages/Barony/Components/AvailableAdvisorsSection.razor	{person.Name} — commander tree	{person.Name} — drzewko dowódcy	interpolation/format
DagoniteEmpire/Pages/Barony/Components/BaronArtifactEditDialog.razor	· Capacity: @_capacityUsed / @BaronArtifactCapacity.LimitLabel(_selectedRoom.SizeCategory)	· Pojemność: @_capacityUsed / @BaronArtifactCapacity.LimitLabel(_selectedRoom.SizeCategory)	unresolved line
DagoniteEmpire/Pages/Barony/Components/BaronArtifactEditDialog.razor	Room #{room.Id}	Komnata #{room.Id}	interpolation/format
DagoniteEmpire/Pages/Barony/Components/BaronPurseSourceEditDialog.razor	Positive = income, negative = expense.	Dodatnia = dochód, ujemna = wydatek.	non-texty literal
DagoniteEmpire/Pages/Barony/Components/BaronReputationEffectsSection.razor	{tier.Name}\nRequired: {tier.ThresholdLabel}\n{tier.BonusSummary}	{tier.Name}\nWymagane: {tier.ThresholdLabel}\n{tier.BonusSummary}	interpolation/format
DagoniteEmpire/Pages/Barony/Components/BaronTimeActionEditDialog.razor	Weekly adventure ≈ {BaronTimeRules.WeeklyExpeditionJc} BT 	Cotygodniowa wyprawa ≈ {BaronTimeRules.WeeklyExpeditionJc} BT 	interpolation/format
DagoniteEmpire/Pages/Barony/Components/BaronTimeActionEditDialog.razor	(safe max {BaronTimeRules.MaxSafeExpeditionWeeks} weeks / {BaronTimeRules.MaxSafeExpeditionJc} BT).	(bezpieczne maks. {BaronTimeRules.MaxSafeExpeditionWeeks} tygodni / {BaronTimeRules.MaxSafeExpeditionJc} BT).	interpolation/format
DagoniteEmpire/Pages/Barony/Components/BaronTimeActionEditDialog.razor	Great Hunt: at least {BaronTimeSuggestedCosts.GreatHuntJc} BT + 	Wielkie Polowanie: co najmniej {BaronTimeSuggestedCosts.GreatHuntJc} BT + 	interpolation/format
DagoniteEmpire/Pages/Barony/Components/BaronTimeActionEditDialog.razor	{BaronTimeSuggestedCosts.GreatHuntProduction} Production + {BaronTimeSuggestedCosts.GreatHuntGold} gold.	{BaronTimeSuggestedCosts.GreatHuntProduction} Produkcji + {BaronTimeSuggestedCosts.GreatHuntGold} złota.	interpolation/format
DagoniteEmpire/Pages/Barony/Components/BaronTimeActionEditDialog.razor	Required each turn: {BaronTimeRules.RequiredManagementJc} BT.	Wymagane w każdej turze: {BaronTimeRules.RequiredManagementJc} BT.	interpolation/format
DagoniteEmpire/Pages/Barony/Components/BaronTimeSection.razor	Left @_budget.RemainingJc	Pozostało @_budget.RemainingJc	unresolved line
DagoniteEmpire/Pages/Barony/Components/BaronTimeSection.razor	(Endurance @_budget.Endurance + Willpower @_budget.Willpower) × @BaronTimeRules.AttributeFactor	(Wytrzymałość @_budget.Endurance + Siła woli @_budget.Willpower) × @BaronTimeRules.AttributeFactor	unresolved line
DagoniteEmpire/Pages/Barony/Components/BaronTimeSection.razor	<text> · modifiers @BaronyCalc.FormatPercent(_budget.ModifierPercent) → <b>@_budget.TotalJc BT</b></text>	<text> · modyfikatory @BaronyCalc.FormatPercent(_budget.ModifierPercent) → <b>@_budget.TotalJc BT</b></text>	unresolved line
DagoniteEmpire/Pages/Barony/Components/BaronTimeSection.razor	Management shortfall: @_budget.ManagementJc / @BaronTimeRules.RequiredManagementJc BT.	Niedobór zarządzania: @_budget.ManagementJc / @BaronTimeRules.RequiredManagementJc BT.	unresolved line
DagoniteEmpire/Pages/Barony/Components/BaronTimeSection.razor	(@_budget.AdventureJc BT). Safe limit is @BaronTimeRules.MaxSafeExpeditionWeeks weeks	(@_budget.AdventureJc BT). Bezpieczny limit to @BaronTimeRules.MaxSafeExpeditionWeeks tyg.	unresolved line
DagoniteEmpire/Pages/Barony/Components/BaronTimeSection.razor	(@BaronTimeRules.MaxSafeExpeditionJc BT) without extra management penalties.	(@BaronTimeRules.MaxSafeExpeditionJc BT) bez dodatkowych kar do zarządzania.	unresolved line
DagoniteEmpire/Pages/Barony/Components/BaronTimeSection.razor	Overspent by @Math.Abs(_budget.RemainingJc) BT this turn.	Przekroczono o @Math.Abs(_budget.RemainingJc) BT w tej turze.	unresolved line
DagoniteEmpire/Pages/Barony/Components/BaronTimeSection.razor	One turn = one quarter. Weekly expedition / adventure = @BaronTimeRules.WeeklyExpeditionJc BT	Jedna tura = jeden kwartał. Tygodniowa wyprawa / przygoda = @BaronTimeRules.WeeklyExpeditionJc BT	unresolved line
DagoniteEmpire/Pages/Barony/Components/BaronTimeSection.razor	(up to @BaronTimeRules.MaxSafeExpeditionWeeks weeks / @BaronTimeRules.MaxSafeExpeditionJc BT without extra management penalties).	(do @BaronTimeRules.MaxSafeExpeditionWeeks tyg. / @BaronTimeRules.MaxSafeExpeditionJc BT bez dodatkowych kar do zarządzania).	unresolved line
DagoniteEmpire/Pages/Barony/Components/BaronTimeSection.razor	Great Hunt: @BaronTimeSuggestedCosts.GreatHuntJc BT (baron or officer) + @BaronTimeSuggestedCosts.GreatHuntProduction Production + @BaronTimeSuggestedCosts.GreatHuntGold gold;	Wielkie Łowy: @BaronTimeSuggestedCosts.GreatHuntJc BT (baron lub oficer) + @BaronTimeSuggestedCosts.GreatHuntProduction Produkcji + @BaronTimeSuggestedCosts.GreatHuntGold złota;	unresolved line
DagoniteEmpire/Pages/Barony/Components/BaronTimeSection.razor	Base BT = (Endurance + Willpower) × {BaronTimeRules.AttributeFactor}.\n	Bazowe BT = (Wytrzymałość + Siła woli) × {BaronTimeRules.AttributeFactor}.\n	interpolation/format
DagoniteEmpire/Pages/Barony/Components/BaronTimeSection.razor	Endurance {_budget.Endurance}, Willpower {_budget.Willpower} → base {_budget.BaseJc}.\n	Wytrzymałość {_budget.Endurance}, Siła woli {_budget.Willpower} → baza {_budget.BaseJc}.\n	interpolation/format
DagoniteEmpire/Pages/Barony/Components/BaronTimeSection.razor	Percent modifiers: {BaronyCalc.FormatPercent(_budget.ModifierPercent)} → pool {_budget.TotalJc} BT.	Modyfikatory procentowe: {BaronyCalc.FormatPercent(_budget.ModifierPercent)} → pula {_budget.TotalJc} BT.	interpolation/format
DagoniteEmpire/Pages/Barony/Components/BaronyHelpDialog.razor	<span>@Entry.Title — Help</span>	<span>@Entry.Title — Pomoc</span>	unresolved line
DagoniteEmpire/Pages/Barony/Components/BaronyResourceHud.razor	@info.NameEn	@info.NamePl	non-texty literal
DagoniteEmpire/Pages/Barony/Components/BuildingCatalogTable.razor	    private static string PpbShort(Ppb p) => p switch |     { |         Ppb.Food => "Food", |         Ppb.Economy => "Econ", |         Ppb.Production => "Prod", |         Ppb.Loyalty => "Loy", |      	    private static string PpbShort(Ppb p) => PpbCatalog.Short(p);	unbalanced hunk
DagoniteEmpire/Pages/Barony/Components/CityBuildingsSection.razor	@info.NameEn	@info.NamePl	non-texty literal
DagoniteEmpire/Pages/Barony/Components/CityBuildingsSection.razor	Catalog entry “{catalogName}” not found.	Nie znaleziono wpisu katalogu „{catalogName}”.	interpolation/format
DagoniteEmpire/Pages/Barony/Components/CityBuildingsSection.razor	    private static string PpbShort(Ppb p) => p switch |     { |         Ppb.Food => "Food", |         Ppb.Economy => "Econ", |         Ppb.Production => "Prod", |         Ppb.Loyalty => "Loy", |      	    private static string PpbShort(Ppb p) => PpbCatalog.Short(p);	unbalanced hunk
DagoniteEmpire/Pages/Barony/Components/CommunityPenaltiesSection.razor	    private static string PpbShort(Ppb p) => p switch |     { |         Ppb.Food => "Food", |         Ppb.Economy => "Econ", |         Ppb.Production => "Prod", |         Ppb.Loyalty => "Loy", |      	    private static string PpbShort(Ppb p) => PpbCatalog.Short(p);	unbalanced hunk
DagoniteEmpire/Pages/Barony/Components/ConjunctureEditDialog.razor	Conjuncture = 2d6 + MG modifier. Rolled at turn start.	Koniunktura = 2k6 + modyfikator MG. Rzucane na początku tury.	unresolved line
DagoniteEmpire/Pages/Barony/Components/ConjunctureEditDialog.razor	Net Gold profit = (Economy + Conjuncture) × 2; also shifts Community Economy %.	Zysk netto w złocie = (Gospodarka + Koniunktura) × 2; przesuwa też % Gospodarki społeczności.	unresolved line
DagoniteEmpire/Pages/Barony/Components/ConjunctureEditDialog.razor	Only MG. War −3, good harvest +2, etc.	Tylko MG. Wojna −3, dobre żniwa +2 itp.	non-texty literal
DagoniteEmpire/Pages/Barony/Components/ConjunctureEditDialog.razor	Effective: @_dice + @_modifier = <b>@(_dice + _modifier)</b>	Efektywnie: @_dice + @_modifier = <b>@(_dice + _modifier)</b>	unresolved line
DagoniteEmpire/Pages/Barony/Components/ConjunctureEditDialog.razor	(Gold uses Economy + Conjuncture; % uses Conjuncture − 7 = @(_dice + _modifier - 7))	(Złoto używa Gospodarka + Koniunktura; % używa Koniunktura − 7 = @(_dice + _modifier - 7))	unresolved line
DagoniteEmpire/Pages/Barony/Components/ConjunctureEditDialog.razor	Rolled {roll.Text}	Wyrzucono {roll.Text}	interpolation/format
DagoniteEmpire/Pages/Barony/Components/CourtCommanderTreeDialog.razor	CX @_available available · @_spent spent · pool @_sheet.CommanderXp	CX @_available dostępne · @_spent wydane · pula @_sheet.CommanderXp	unresolved line
DagoniteEmpire/Pages/Barony/Components/CourtCommanderTreeDialog.razor	@BranchTitle(_selected.Branch) · Tier @(_selected.Tier) · @_selected.CxCost CX	@BranchTitle(_selected.Branch) · Poziom @(_selected.Tier) · @_selected.CxCost CX	unresolved line
DagoniteEmpire/Pages/Barony/Components/CourtCommanderTreeDialog.razor	Unlock (@_selected.CxCost CX)	Odblokuj (@_selected.CxCost CX)	unresolved line
DagoniteEmpire/Pages/Barony/Components/CourtCommanderTreeDialog.razor	{_selected.NameEn} unlocked.	{_selected.NameEn} odblokowano.	interpolation/format
DagoniteEmpire/Pages/Barony/Components/CourtCommanderUnlockDialog.razor	Available CX: @_available. Trunk + branch gates apply (model B).	Dostępne CX: @_available. Obowiązują bramki pnia i gałęzi (model B).	unresolved line
DagoniteEmpire/Pages/Barony/Components/CourtCommanderXpEditDialog.razor	Total CX pool for @AdvisorName. Spent: @Spent.	Łączna pula CX dla @AdvisorName. Wydano: @Spent.	unresolved line
DagoniteEmpire/Pages/Barony/Components/CreateBuildingProjectDialog.razor	Tile (@Tile.X, @Tile.Y) — map construction project (Improvement), paid with Gold &amp; Production only.	Pole (@Tile.X, @Tile.Y) — projekt budowy na mapie (Ulepszenie), opłacany tylko Złotem i Produkcją.	unresolved line
DagoniteEmpire/Pages/Barony/Components/CreateBuildingProjectDialog.razor	{template.Name} ({Fmt(template.GoldCost)} gold / {Fmt(template.ProductionCost)} prod)	{template.Name} ({Fmt(template.GoldCost)} złota / {Fmt(template.ProductionCost)} prod.)	interpolation/format
DagoniteEmpire/Pages/Barony/Components/CreateBuildingProjectDialog.razor	Output type: @ProjectOutputKind.Improvement · Payment: Gold &amp; Production only	Typ wyniku: @ProjectOutputKind.Improvement · Płatność: tylko Złoto i Produkcja	unresolved line
DagoniteEmpire/Pages/Barony/Components/CreateBuildingProjectDialog.razor	Build {template.Name} at [{Tile.X},{Tile.Y}]	Budowa {template.Name} w [{Tile.X},{Tile.Y}]	interpolation/format
DagoniteEmpire/Pages/Barony/Components/CreateBuildingProjectDialog.razor	Construct {templateName} at [{Tile.X},{Tile.Y}].	Budowa {templateName} w [{Tile.X},{Tile.Y}].	interpolation/format
DagoniteEmpire/Pages/Barony/Components/CreateCityBuildingProjectDialog.razor	Output type: @ProjectOutputKind.Building · Payment: Gold &amp; Production only	Typ wyniku: @ProjectOutputKind.Building · Płatność: tylko Złoto i Produkcja	unresolved line
DagoniteEmpire/Pages/Barony/Components/CreateCityBuildingProjectDialog.razor	Build {Template.Name}	Budowa {Template.Name}	interpolation/format
DagoniteEmpire/Pages/Barony/Components/CreateCityBuildingProjectDialog.razor	Construct {Template.Name} in the city.	Budowa {Template.Name} w mieście.	interpolation/format
DagoniteEmpire/Pages/Barony/Components/DecreesSection.razor	Remove “{item.Name}”?	Usunąć „{item.Name}”?	interpolation/format
DagoniteEmpire/Pages/Barony/Components/DecreesSection.razor	    private static string PpbShort(Ppb p) => p switch |     { |         Ppb.Food => "Food", |         Ppb.Economy => "Econ", |         Ppb.Production => "Prod", |         Ppb.Loyalty => "Loy", |      	    private static string PpbShort(Ppb p) => PpbCatalog.Short(p);	unbalanced hunk
DagoniteEmpire/Pages/Barony/Components/EventsSection.razor	Active from turn – to turn (∞ = ongoing)	Aktywne od tury – do tury (∞ = trwa)	non-texty literal
DagoniteEmpire/Pages/Barony/Components/EventsSection.razor	Turns {item.StartTurn}–{end}	Tury {item.StartTurn}–{end}	interpolation/format
DagoniteEmpire/Pages/Barony/Components/EventsSection.razor	From turn {item.StartTurn} (ongoing)	Od tury {item.StartTurn} (trwa)	interpolation/format
DagoniteEmpire/Pages/Barony/Components/EventsSection.razor	Active now (turn {CurrentTurn}).	Aktywne teraz (tura {CurrentTurn}).	interpolation/format
DagoniteEmpire/Pages/Barony/Components/EventsSection.razor	Not active on turn {CurrentTurn}.	Nieaktywne w turze {CurrentTurn}.	interpolation/format
DagoniteEmpire/Pages/Barony/Components/EventsSection.razor	Remove “{item.Name}”?	Usunąć “{item.Name}”?	interpolation/format
DagoniteEmpire/Pages/Barony/Components/EventsSection.razor	    private static string PpbShort(Ppb p) => p switch |     { |         Ppb.Food => "Food", |         Ppb.Economy => "Econ", |         Ppb.Production => "Prod", |         Ppb.Loyalty => "Loy", |      	    private static string PpbShort(Ppb p) => PpbCatalog.Short(p);	unbalanced hunk
DagoniteEmpire/Pages/Barony/Components/LordsSeatSection.razor	Grid (@Seat.GridWidth×@Seat.GridHeight)	Siatka (@Seat.GridWidth×@Seat.GridHeight)	unresolved line
DagoniteEmpire/Pages/Barony/Components/LordsSeatSection.razor	Click a grid cell on @SeatFloorLevel.Label(_currentLevel) to place a new chamber (2×2).	Kliknij komórkę siatki na @SeatFloorLevel.Label(_currentLevel), aby umieścić nową komnatę (2×2).	unresolved line
DagoniteEmpire/Pages/Barony/Components/LordsSeatSection.razor	Painting @PaintModeLabel() on @SeatFloorLevel.Label(_currentLevel). Click or drag across cells.	Malowanie @PaintModeLabel() na @SeatFloorLevel.Label(_currentLevel). Kliknij lub przeciągnij po komórkach.	unresolved line
DagoniteEmpire/Pages/Barony/Components/LordsSeatSection.razor	@SeatFloorLevel.Label(_currentLevel). Click a chamber to assign purpose. Drag to reposition. Use paint for walls, ground, and water.	@SeatFloorLevel.Label(_currentLevel). Kliknij komnatę, aby przypisać przeznaczenie. Przeciągnij, aby zmienić położenie. Użyj malowania dla ścian, podłoża i wody.	unresolved line
DagoniteEmpire/Pages/Barony/Components/LordsSeatSection.razor	<text> Use “Add chamber” to create the lord's seat layout.</text>	<text> Użyj „Dodaj komnatę”, aby utworzyć układ siedziby lorda.</text>	unresolved line
DagoniteEmpire/Pages/Barony/Components/LordsSeatSection.razor	Assigned: {occupant}	Przypisano: {occupant}	interpolation/format
DagoniteEmpire/Pages/Barony/Components/LordsSeatSection.razor	Typical occupant: {p.WhoOccupies}	Typowy mieszkaniec: {p.WhoOccupies}	interpolation/format
DagoniteEmpire/Pages/Barony/Components/LordsSeatSection.razor	Sleep capacity: {p.SleepCapacity}	Miejsca do spania: {p.SleepCapacity}	interpolation/format
DagoniteEmpire/Pages/Barony/Components/LordsSeatSection.razor	Chamber multiplier: ×{mult:0.##}. Assign a purpose with prestige / honor / fear to see totals.	Mnożnik komnaty: ×{mult:0.##}. Przypisz przeznaczenie z prestiżem / honorem / postrachem, aby zobaczyć sumy.	interpolation/format
DagoniteEmpire/Pages/Barony/Components/LordsSeatSection.razor	Prestige {FmtPhp(t.Prestige)}  (purpose {FmtPhp(purpose.AdditivePrestige)} × ×{mult:0.##})\n	Prestiż {FmtPhp(t.Prestige)}  (przeznaczenie {FmtPhp(purpose.AdditivePrestige)} × ×{mult:0.##})\n	interpolation/format
DagoniteEmpire/Pages/Barony/Components/LordsSeatSection.razor	Honor {FmtPhp(t.Honor)}  (purpose {FmtPhp(purpose.AdditiveHonor)} × ×{mult:0.##})\n	Honor {FmtPhp(t.Honor)}  (przeznaczenie {FmtPhp(purpose.AdditiveHonor)} × ×{mult:0.##})\n	interpolation/format
DagoniteEmpire/Pages/Barony/Components/LordsSeatSection.razor	Fear {FmtPhp(t.Fear)}  (purpose {FmtPhp(purpose.AdditiveFear)} × ×{mult:0.##})	Postrach {FmtPhp(t.Fear)}  (przeznaczenie {FmtPhp(purpose.AdditiveFear)} × ×{mult:0.##})	interpolation/format
DagoniteEmpire/Pages/Barony/Components/LordsSeatSection.razor	Purpose: {purpose}	Przeznaczenie: {purpose}	interpolation/format
DagoniteEmpire/Pages/Barony/Components/LordsSeatSection.razor	Occupant: {occupant}	Mieszkaniec: {occupant}	interpolation/format
DagoniteEmpire/Pages/Barony/Components/LordsSeatSection.razor	Size: {SeatRoomSizeCategory.OptionLabel(room.SizeCategory)} ({room.TileCount} tiles)	Rozmiar: {SeatRoomSizeCategory.OptionLabel(room.SizeCategory)} ({room.TileCount} pól)	interpolation/format
DagoniteEmpire/Pages/Barony/Components/LordsSeatSection.razor	Material: {SeatRoomMaterial.OptionLabel(room.Material)}	Materiał: {SeatRoomMaterial.OptionLabel(room.Material)}	interpolation/format
DagoniteEmpire/Pages/Barony/Components/LordsSeatSection.razor	Prestige multiplier: ×{room.PrestigeMultiplier:0.##} ({SeatRoomPrestige.FormulaHint(room.Material, room.TileCount)})	Mnożnik prestiżu: ×{room.PrestigeMultiplier:0.##} ({SeatRoomPrestige.FormulaHint(room.Material, room.TileCount)})	interpolation/format
DagoniteEmpire/Pages/Barony/Components/LordsSeatSection.razor	P/H/F: {FmtPhp(php.Prestige)} / {FmtPhp(php.Honor)} / {FmtPhp(php.Fear)}	P/H/P: {FmtPhp(php.Prestige)} / {FmtPhp(php.Honor)} / {FmtPhp(php.Fear)}	interpolation/format
DagoniteEmpire/Pages/Barony/Components/LordsSeatSection.razor	Grid: ({room.GridX},{room.GridY}) {room.GridW}×{room.GridH}	Siatka: ({room.GridX},{room.GridY}) {room.GridW}×{room.GridH}	interpolation/format
DagoniteEmpire/Pages/Barony/Components/LordsSeatSection.razor	Layout: {SeatRoomLayout.IssueLabel(layoutIssue)}	Układ: {SeatRoomLayout.IssueLabel(layoutIssue)}	interpolation/format
DagoniteEmpire/Pages/Barony/Components/LordsSeatSection.razor	Tiles: {room.TileCount} ({room.SizeCategory})	Pola: {room.TileCount} ({room.SizeCategory})	interpolation/format
DagoniteEmpire/Pages/Barony/Components/LordsSeatSection.razor	Material: {SeatRoomMaterial.DisplayName(room.Material)}	Materiał: {SeatRoomMaterial.DisplayName(room.Material)}	interpolation/format
DagoniteEmpire/Pages/Barony/Components/LordsSeatSection.razor	Prestige multiplier: ×{room.PrestigeMultiplier:0.##}	Mnożnik prestiżu: ×{room.PrestigeMultiplier:0.##}	interpolation/format
DagoniteEmpire/Pages/Barony/Components/LordsSeatSection.razor	Grid: ({room.GridX},{room.GridY}) {room.GridW}×{room.GridH}	Siatka: ({room.GridX},{room.GridY}) {room.GridW}×{room.GridH}	interpolation/format
DagoniteEmpire/Pages/Barony/Components/LordsSeatSection.razor	Layout: {SeatRoomLayout.IssueLabel(layoutIssue)}	Układ: {SeatRoomLayout.IssueLabel(layoutIssue)}	interpolation/format
DagoniteEmpire/Pages/Barony/Components/LordsSeatSection.razor	Chamber moved — {SeatRoomLayout.IssueLabel(issue)}.	Przeniesiono komnatę — {SeatRoomLayout.IssueLabel(issue)}.	interpolation/format
DagoniteEmpire/Pages/Barony/Components/LordsSeatSection.razor	Added {SeatFloorLevel.Label(level)}.	Dodano {SeatFloorLevel.Label(level)}.	interpolation/format
DagoniteEmpire/Pages/Barony/Components/LordsSeatSection.razor	    private static string PpbShort(Ppb p) => p switch |     { |         Ppb.Food => "Food", |         Ppb.Economy => "Econ", |         Ppb.Production => "Prod", |         Ppb.Loyalty => "Loy", |      	    private static string PpbShort(Ppb p) => PpbCatalog.Short(p);	unbalanced hunk
DagoniteEmpire/Pages/Barony/Components/MarchMapCanvas.razor	Map image not found at <code>@Document.ImageUrl</code>.	Nie znaleziono obrazu mapy pod <code>@Document.ImageUrl</code>.	unresolved line
DagoniteEmpire/Pages/Barony/Components/MarchMapCanvas.razor	@linked.Name @linked.House · @linked.Title · Wealth @linked.Wealth	@linked.Name @linked.House · @linked.Title · Zamożność @linked.Wealth	unresolved line
DagoniteEmpire/Pages/Barony/Components/MarchMapCanvas.razor	@mgLord.Name @mgLord.House · Wealth @mgLord.Wealth	@mgLord.Name @mgLord.House · Zamożność @mgLord.Wealth	unresolved line
DagoniteEmpire/Pages/Barony/Components/MarchMapLordTipBody.razor	@Lord.Title · @Lord.Holdings · Wealth @Lord.Wealth	@Lord.Title · @Lord.Holdings · Bogactwo @Lord.Wealth	unresolved line
DagoniteEmpire/Pages/Barony/Components/NameImprovementDialog.razor	Name this {MapImprovement.DisplayName(ImprovementKind).ToLowerInvariant()}	Nazwij: {MapImprovement.DisplayName(ImprovementKind).ToLowerInvariant()}	interpolation/format
DagoniteEmpire/Pages/Barony/Components/NewLetterThreadDialog.razor	Max {BaronLetterRules.MaxInboundFromCorrespondent(_replyRegion)} inbound letter(s)/turn from this person (to the baron)	Maks. {BaronLetterRules.MaxInboundFromCorrespondent(_replyRegion)} przychodzących listów/turę od tej osoby (do barona)	interpolation/format
DagoniteEmpire/Pages/Barony/Components/OfficeSourcePpbTable.razor	@(inactive ? info.NameEn : null)	@(inactive ? info.NamePl : null)	non-texty literal
DagoniteEmpire/Pages/Barony/Components/OfficeSourcePpbTable.razor	    private static string PpbShort(Ppb p) => p switch |     { |         Ppb.Food => "Food", |         Ppb.Economy => "Econ", |         Ppb.Production => "Prod", |         Ppb.Loyalty => "Loy", |      	    private static string PpbShort(Ppb p) => PpbCatalog.Short(p);	unbalanced hunk
DagoniteEmpire/Pages/Barony/Components/PpbSummaryChips.razor	@info.NameEn	@info.NamePl	non-texty literal
DagoniteEmpire/Pages/Barony/Components/PpbTable.razor	@info.NameEn	@info.NamePl	non-texty literal
DagoniteEmpire/Pages/Barony/Components/PpbVectorEditor.razor	{displayName} — significant for this office	{displayName} — istotne dla tego urzędu	interpolation/format
DagoniteEmpire/Pages/Barony/Components/PpbVectorEditor.razor	{displayName} — stored; influence rules coming later	{displayName} — zapisane; zasady wpływu wkrótce	interpolation/format
DagoniteEmpire/Pages/Barony/Components/ProjectAllocateDialog.razor	Transfer resources from your barony stocks into <strong>@Project.Name</strong>.	Przenieś zasoby z zapasów baronii do <strong>@Project.Name</strong>.	unresolved line
DagoniteEmpire/Pages/Barony/Components/ProjectAllocateDialog.razor	Payment method: <strong>@CostModeLabel(Project.EffectiveCostMode)</strong>.	Metoda płatności: <strong>@CostModeLabel(Project.EffectiveCostMode)</strong>.	unresolved line
DagoniteEmpire/Pages/Barony/Components/ProjectAllocateDialog.razor	Amount for {row.Name} exceeds available stock or remaining cost.	Ilość dla {row.Name} przekracza dostępny zapas lub pozostały koszt.	interpolation/format
DagoniteEmpire/Pages/Barony/Components/ProjectCard.razor	@Project.AllocationPercent% funded · @CostModeShort(Project.EffectiveCostMode)	@Project.AllocationPercent% sfinansowano · @CostModeShort(Project.EffectiveCostMode)	unresolved line
DagoniteEmpire/Pages/Barony/Components/ProjectCard.razor	No cost defined for @CostModeShort(Project.EffectiveCostMode).	Brak zdefiniowanego kosztu dla @CostModeShort(Project.EffectiveCostMode).	unresolved line
DagoniteEmpire/Pages/Barony/Components/ProjectCard.razor	? $"{Project.TurnsRemaining} turn{(Project.TurnsRemaining == 1 ? "" : "s")} to complete (clock starts after full funding)"	? $"{Project.TurnsRemaining} tur do ukończenia (zegar startuje po pełnym sfinansowaniu)"	unresolved line
DagoniteEmpire/Pages/Barony/Components/ProjectCard.razor	: $"{Project.TurnsRemaining} turn{(Project.TurnsRemaining == 1 ? "" : "s")} left";	: $"{Project.TurnsRemaining} tur pozostało";	unresolved line
DagoniteEmpire/Pages/Barony/Components/ProjectCard.razor	    private static string PpbShort(Ppb p) => p switch |     { |         Ppb.Food => "Food", |         Ppb.Economy => "Econ", |         Ppb.Production => "Prod", |         Ppb.Loyalty => "Loy", |      	    private static string PpbShort(Ppb p) => PpbCatalog.Short(p);	unbalanced hunk
DagoniteEmpire/Pages/Barony/Components/ProjectsBalanceSection.razor		projekt	non-texty literal
DagoniteEmpire/Pages/Barony/Components/ProjectsBalanceSection.razor	    private static string PpbShort(Ppb p) => p switch |     { |         Ppb.Food => "Food", |         Ppb.Economy => "Econ", |         Ppb.Production => "Prod", |         Ppb.Loyalty => "Loy", |      	    private static string PpbShort(Ppb p) => PpbCatalog.Short(p);	unbalanced hunk
DagoniteEmpire/Pages/Barony/Components/ProjectsSection.razor	Return all allocated resources from “{item.Name}” to your stocks?	Zwrócić wszystkie przydzielone zasoby z „{item.Name}” do zapasów?	interpolation/format
DagoniteEmpire/Pages/Barony/Components/ProjectsSection.razor	Payment method set to {mode}.	Ustawiono metodę płatności: {mode}.	interpolation/format
DagoniteEmpire/Pages/Barony/Components/ProjectsSection.razor	Remove “{item.Name}”?	Usunąć „{item.Name}”?	interpolation/format
DagoniteEmpire/Pages/Barony/Components/RelationEditDialog.razor	Sum: @FormatAttitude(AttitudeSum) (@RelationCategory.AttitudeLabel(AttitudeSum))	Suma: @FormatAttitude(AttitudeSum) (@RelationCategory.AttitudeLabel(AttitudeSum))	unresolved line
DagoniteEmpire/Pages/Barony/Components/RelationModifiersDialog.razor	Sum: @FormatAttitude(AttitudeSum) (@RelationCategory.AttitudeLabel(AttitudeSum))	Suma: @FormatAttitude(AttitudeSum) (@RelationCategory.AttitudeLabel(AttitudeSum))	unresolved line
DagoniteEmpire/Pages/Barony/Components/RelationsSection.razor	Remove “{item.Name}”?	Usunąć „{item.Name}”?	interpolation/format
DagoniteEmpire/Pages/Barony/Components/ResourceStocksHero.razor	@info.NameEn	@info.NamePl	non-texty literal
DagoniteEmpire/Pages/Barony/Components/ResourceVectorTable.razor	@info.NameEn	@info.NamePl	non-texty literal
DagoniteEmpire/Pages/Barony/Components/SeatPurposeAssignDialog.razor	Chamber: <strong>@Room.Name</strong> — @Room.SizeCategory (@Room.TileCount tiles)	Komnata: <strong>@Room.Name</strong> — @Room.SizeCategory (@Room.TileCount pól)	unresolved line
DagoniteEmpire/Pages/Barony/Components/SeatPurposeAssignDialog.razor	Min size: @_selected.MinSizeCategory	Min. rozmiar: @_selected.MinSizeCategory	unresolved line
DagoniteEmpire/Pages/Barony/Components/SeatPurposeAssignDialog.razor	<text> · Typical occupant: @_selected.WhoOccupies</text>	<text> · Typowy mieszkaniec: @_selected.WhoOccupies</text>	unresolved line
DagoniteEmpire/Pages/Barony/Components/SeatPurposeAssignDialog.razor	<text> · Sleep: @_selected.SleepCapacity</text>	<text> · Nocleg: @_selected.SleepCapacity</text>	unresolved line
DagoniteEmpire/Pages/Barony/Components/SeatPurposeAssignDialog.razor	@IneligibleTemplates.Count() purpose(s) require a larger chamber.	@IneligibleTemplates.Count() przeznaczeń wymaga większej komnaty.	unresolved line
DagoniteEmpire/Pages/Barony/Components/SeatPurposeTemplatesSection.razor	Min chamber size: {t.MinSizeCategory}	Min. rozmiar komnaty: {t.MinSizeCategory}	interpolation/format
DagoniteEmpire/Pages/Barony/Components/SeatPurposeTemplatesSection.razor	Occupied by: {t.WhoOccupies}	Zajmowane przez: {t.WhoOccupies}	interpolation/format
DagoniteEmpire/Pages/Barony/Components/SeatPurposeTemplatesSection.razor	Sleep capacity: {t.SleepCapacity}	Miejsca do spania: {t.SleepCapacity}	interpolation/format
DagoniteEmpire/Pages/Barony/Components/SeatPurposeTemplatesSection.razor	    private static string PpbShort(Ppb p) => p switch |     { |         Ppb.Food => "Food", |         Ppb.Economy => "Econ", |         Ppb.Production => "Prod", |         Ppb.Loyalty => "Loy", |      	    private static string PpbShort(Ppb p) => PpbCatalog.Short(p);	unbalanced hunk
DagoniteEmpire/Pages/Barony/Components/SeatPurposeTemplatesSection.razor	Prestige {FmtPhp(t.AdditivePrestige)} · Honor {FmtPhp(t.AdditiveHonor)} · Fear {FmtPhp(t.AdditiveFear)}	Prestiż {FmtPhp(t.AdditivePrestige)} · Honor {FmtPhp(t.AdditiveHonor)} · Postrach {FmtPhp(t.AdditiveFear)}	interpolation/format
DagoniteEmpire/Pages/Barony/Components/SeatRoomEditDialog.razor	Size: @SeatRoomSizeCategory.OptionLabel(_room.SizeCategory) (@_room.TileCount tiles)	Rozmiar: @SeatRoomSizeCategory.OptionLabel(_room.SizeCategory) (@_room.TileCount pól)	unresolved line
DagoniteEmpire/Pages/Barony/Components/SeatRoomEditDialog.razor	Prestige multiplier = material bonus + size bonus (added, not multiplied).	Mnożnik prestiżu = premia materiału + premia rozmiaru (dodawane, nie mnożone).	unresolved line
DagoniteEmpire/Pages/Barony/Components/SeatRoomEditDialog.razor	Example: Bricks (1.3) + Large (1.5) = 2.8.	Przykład: Bricks (1.3) + Large (1.5) = 2.8.	unresolved line
DagoniteEmpire/Pages/Barony/Components/SeatRoomEditDialog.razor	Current suggestion: <strong>@SeatRoomPrestige.FormulaHint(_room.Material, _room.TileCount)</strong>.	Bieżąca sugestia: <strong>@SeatRoomPrestige.FormulaHint(_room.Material, _room.TileCount)</strong>.	unresolved line
DagoniteEmpire/Pages/Barony/Components/SocialGroupRelationEditDialog.razor	Label: <b>@SocialRelation.Label(_relationScore)</b>	Relacja: <b>@SocialRelation.Label(_relationScore)</b>	unresolved line
DagoniteEmpire/Pages/Barony/Components/SocialGroupRelationEditDialog.razor	    private static string PpbShort(Ppb p) => p switch |     { |         Ppb.Food => "Food", |         Ppb.Economy => "Econ", |         Ppb.Production => "Prod", |         Ppb.Loyalty => "Loy", |      	    private static string PpbShort(Ppb p) => PpbCatalog.Short(p);	unbalanced hunk
DagoniteEmpire/Pages/Barony/Components/SocialGroupRelationsSection.razor	Edit {row.Group}	Edytuj {row.Group}	interpolation/format
DagoniteEmpire/Pages/Barony/Components/SocialGroupRelationsSection.razor	    private static string PpbShort(Ppb p) => p switch |     { |         Ppb.Food => "Food", |         Ppb.Economy => "Econ", |         Ppb.Production => "Prod", |         Ppb.Loyalty => "Loy", |      	    private static string PpbShort(Ppb p) => PpbCatalog.Short(p);	unbalanced hunk
DagoniteEmpire/Pages/Barony/Components/SourcePpbTable.razor	    private static string PpbShort(Ppb p) => p switch |     { |         Ppb.Food => "Food", |         Ppb.Economy => "Econ", |         Ppb.Production => "Prod", |         Ppb.Loyalty => "Loy", |      	    private static string PpbShort(Ppb p) => PpbCatalog.Short(p);	unbalanced hunk
DagoniteEmpire/Pages/Barony/Components/TerrainImprovementsSection.razor	A village {palisade}, owned by lord {owner}.	Wioska {palisade}, własność lorda {owner}.	interpolation/format
DagoniteEmpire/Pages/Barony/Components/TerrainImprovementsSection.razor	    private static string PpbShort(Ppb p) => p switch |     { |         Ppb.Food => "Food", |         Ppb.Economy => "Econ", |         Ppb.Production => "Prod", |         Ppb.Loyalty => "Loy", |      	    private static string PpbShort(Ppb p) => PpbCatalog.Short(p);	unbalanced hunk
DagoniteEmpire/Pages/Barony/Components/TerrainMapSizePanel.razor	Current size: <strong>@Width</strong> × <strong>@Height</strong>	Aktualny rozmiar: <strong>@Width</strong> × <strong>@Height</strong>	unresolved line
DagoniteEmpire/Pages/Barony/Components/TerrainMapSizePanel.razor	(min @MapGrid.MinSize … max @MapGrid.MaxSize)	(min @MapGrid.MinSize … maks @MapGrid.MaxSize)	unresolved line
DagoniteEmpire/Pages/Barony/Components/TradeGoodsPpbSummarySection.razor		towar	non-texty literal
DagoniteEmpire/Pages/Barony/Components/TradeTreatiesSection.razor		traktat	non-texty literal
DagoniteEmpire/Pages/Barony/Components/TradeTreatiesSection.razor	Treaty with {lord.Name} {lord.House}	Traktat z {lord.Name} {lord.House}	interpolation/format
DagoniteEmpire/Pages/Barony/Components/TradeTreatiesSection.razor	@lord.Title · @lord.Holdings · Wealth @lord.Wealth	@lord.Title · @lord.Holdings · Bogactwo @lord.Wealth	unresolved line
DagoniteEmpire/Pages/Barony/Components/TradeTreatyBonusSummary.razor	<span class="projects-summary__item">@_receivedCount good@(_receivedCount == 1 ? "" : "s") from treaties</span>	<span class="projects-summary__item">@_receivedCount dóbr z traktatów</span>	unresolved line
DagoniteEmpire/Pages/Barony/Components/TradeTreatyEditDialog.razor	+ you pay · − you receive	+ płacisz · − otrzymujesz	non-texty literal
DagoniteEmpire/Pages/Barony/Components/UnitCaptainPickDialog.razor	@UnitName — pick a free courtier (1 courtier ↔ 1 unit).	@UnitName — wybierz wolnego dworzanina (1 dworzanin ↔ 1 oddział).	unresolved line
DagoniteEmpire/Pages/Barony/Components/UnitCaptainPickDialog.razor	Pick a free courtier (1 courtier ↔ 1 unit).	Wybierz wolnego dworzanina (1 dworzanin ↔ 1 oddział).	unresolved line
DagoniteEmpire/Pages/Barony/Components/UnitCardSection.razor	Pending XP: <b>@XpSpentPending</b>	Oczekujące XP: <b>@XpSpentPending</b>	unresolved line
DagoniteEmpire/Pages/Barony/Components/UnitCardSection.razor	· left <b>@Unit.RemainingPd</b>	· pozostało <b>@Unit.RemainingPd</b>	unresolved line
DagoniteEmpire/Pages/Barony/Components/UnitCardSection.razor	<text> · free attrs <b>@FreeAttrsSpentPending</b></text>	<text> · wolne atrybuty <b>@FreeAttrsSpentPending</b></text>	unresolved line
DagoniteEmpire/Pages/Barony/Components/UnitCardSection.razor	<text>@TurnsLeftLabel left</text>	<text>pozostało @TurnsLeftLabel</text>	unresolved line
DagoniteEmpire/Pages/Barony/Components/UnitCardSection.razor	re-equip · awaiting resources	przezbrojenie · oczekuje na zasoby	non-texty literal
DagoniteEmpire/Pages/Barony/Components/UnitCardSection.razor	re-equip · {TurnsLeftLabel} left	przezbrojenie · pozostało {TurnsLeftLabel}	interpolation/format
DagoniteEmpire/Pages/Barony/Components/UnitCardSection.razor	reinforce · awaiting resources	uzupełnienie · oczekuje na zasoby	non-texty literal
DagoniteEmpire/Pages/Barony/Components/UnitCardSection.razor	reinforce · {TurnsLeftLabel} left	uzupełnienie · pozostało {TurnsLeftLabel}	interpolation/format
DagoniteEmpire/Pages/Barony/Components/UnitCardSection.razor	Choose a free courtier as this unit’s captain (1 courtier ↔ 1 unit).	Wybierz wolnego dworzanina na kapitana tego oddziału (1 dworzanin ↔ 1 oddział).	non-texty literal
DagoniteEmpire/Pages/Barony/Components/UnitCardSection.razor	Courtier captain of this unit (1 courtier ↔ 1 unit).	Dworzanin — kapitan tego oddziału (1 dworzanin ↔ 1 oddział).	non-texty literal
DagoniteEmpire/Pages/Barony/Components/UnitCardSection.razor	{n} turns	{n} tury	interpolation/format
DagoniteEmpire/Pages/Barony/Components/UnitCardSection.razor	Reinforce project “{created.Project.Name}” created — fund it on Projects.	Utworzono projekt uzupełnienia “{created.Project.Name}” — sfinansuj go w Projektach.	interpolation/format
DagoniteEmpire/Pages/Barony/Components/UnitCardSection.razor	Change equipment project “{created.Project.Name}” created — fund it on Projects.	Utworzono projekt zmiany wyposażenia “{created.Project.Name}” — sfinansuj go w Projektach.	interpolation/format
DagoniteEmpire/Pages/Barony/Components/UnitCardSection.razor	Unit “{Unit.Name}” is now Active.	Oddział “{Unit.Name}” jest teraz aktywny.	interpolation/format
DagoniteEmpire/Pages/Barony/Components/UnitCardSection.razor	Permanently delete “{Unit.Name}” from the Army roster? This cannot be undone.	Trwale usunąć “{Unit.Name}” z listy Armii? Tej operacji nie można cofnąć.	interpolation/format
DagoniteEmpire/Pages/Barony/Components/UnitCardSection.razor	Unit “{Unit.Name}” deleted.	Oddział “{Unit.Name}” usunięty.	interpolation/format
DagoniteEmpire/Pages/Barony/Components/UnitChangeEquipmentDialog.razor	Cost is scaled by current troops (@Unit.TroopCount/@UnitRules.DefaultTroopCount).	Koszt jest skalowany bieżącą liczebnością (@Unit.TroopCount/@UnitRules.DefaultTroopCount).	unresolved line
DagoniteEmpire/Pages/Barony/Components/UnitChangeEquipmentDialog.razor	Gear quality stays as set by the GM (@CurrentQuality).	Jakość sprzętu pozostaje ustawiona przez MG (@CurrentQuality).	unresolved line
DagoniteEmpire/Pages/Barony/Components/UnitChangeEquipmentDialog.razor	Craft · Buy (Mkt) · Defense (2×Mkt). Costs below already include troop scale.	Wytwórz · Kup (Ryn) · Obrona (2×Ryn). Koszty poniżej uwzględniają już skalę liczebności.	unresolved line
DagoniteEmpire/Pages/Barony/Components/UnitCombatBreakdown.razor	Skill ({AttackSkillName}) + weapon attack (± quality) + commander + other + casualty loss.	Umiejętność ({AttackSkillName}) + atak broni (± jakość) + dowódca + inne + straty.	interpolation/format
DagoniteEmpire/Pages/Barony/Components/UnitCombatBreakdown.razor	Highest eligible defense skill ({DefenseSkillName}): Dodges always; Shields only with a shield; Armor only with armor. Plus gear defense + commander + other + casualty loss.	Najwyższa kwalifikująca się umiejętność obrony ({DefenseSkillName}): Uniki zawsze; Tarcze tylko z tarczą; Pancerz tylko z pancerzem. Plus obrona sprzętu + dowódca + inne + straty.	interpolation/format
DagoniteEmpire/Pages/Barony/Components/UnitCombatBreakdown.razor	Highest eligible defense skill ({DefenseSkillName})	Najwyższa kwalifikująca się umiejętność obrony ({DefenseSkillName})	interpolation/format
DagoniteEmpire/Pages/Barony/Components/UnitCombatBreakdown.razor	Weapon damage (± quality) + {UnitAttr.Label(Combat.DamageAttrKey ?? UnitAttr.Build)} (from primary weapon skill) + other.	Obrażenia broni (± jakość) + {UnitAttr.Label(Combat.DamageAttrKey ?? UnitAttr.Build)} (z głównej umiejętności broni) + inne.	interpolation/format
DagoniteEmpire/Pages/Barony/Components/UnitCombatBreakdown.razor	{UnitAttr.Label(Combat.DamageAttrKey ?? UnitAttr.Build)} linked to the equipped weapon's skill	{UnitAttr.Label(Combat.DamageAttrKey ?? UnitAttr.Build)} powiązane z umiejętnością wyposażonej broni	interpolation/format
DagoniteEmpire/Pages/Barony/Components/UnitCombatBreakdown.razor	{race.Name}: Move +{race.MoveBonus}.	{race.Name}: Ruch +{race.MoveBonus}.	interpolation/format
DagoniteEmpire/Pages/Barony/Components/UnitCombatBreakdown.razor	{tipTitle}\n\n{lines}\n\nClick to edit sources.	{tipTitle}\n\n{lines}\n\nKliknij, aby edytować źródła.	interpolation/format
DagoniteEmpire/Pages/Barony/Components/UnitCombatBreakdown.razor	Maximum = Build×2 + Will×2 + Endurance + Discipline×3 + other + casualty loss. Current tracks wounds in play.	Maksimum = Build×2 + Will×2 + Endurance + Discipline×3 + inne + straty. Bieżące odzwierciedla rany w trakcie gry.	non-texty literal
DagoniteEmpire/Pages/Barony/Components/UnitCombatBreakdown.razor	{UnitCombatStatKey.Label(statKey)} — other	{UnitCombatStatKey.Label(statKey)} — inne	interpolation/format
DagoniteEmpire/Pages/Barony/Components/UnitCombatBreakdown.razor	{UnitCombatStatKey.Label(statKey)} — other	{UnitCombatStatKey.Label(statKey)} — inne	interpolation/format
DagoniteEmpire/Pages/Barony/Components/UnitDraftCardPreview.razor	Experience points (XP) left to spend after training. Attribute = target × 10; base skill = level × 3; specialization = level × 1 (≤ parent); discipline = current level.	Punkty doświadczenia (XP) pozostałe do wydania po szkoleniu. Atrybut = cel × 10; umiejętność bazowa = poziom × 3; specjalizacja = poziom × 1 (≤ rodzic); dyscyplina = bieżący poziom.	non-texty literal
DagoniteEmpire/Pages/Barony/Components/UnitDraftCardPreview.razor	Build = strength/endurance/size · Agility = dexterity/mobility · Will = courage/mental grit · Perception = senses/intuition. Raise cost = target level × 10 XP.	Budowa = siła/wytrzymałość/postura · Zwinność = zręczność/mobilność · Wola = odwaga/hart ducha · Percepcja = zmysły/intuicja. Koszt podniesienia = poziom docelowy × 10 XP.	non-texty literal
DagoniteEmpire/Pages/Barony/Components/UnitDraftCardPreview.razor	Base skills: Total = Base + Other (no attribute). Specializations: Total = parent + linked attr + Base + Other. Base skill XP = level × 3; specialization = level × 1 (cannot exceed parent).	Umiejętności bazowe: Suma = Baza + Other (bez atrybutu). Specjalizacje: Suma = rodzic + powiązany atr. + Baza + Other. XP umiejętności bazowej = poziom × 3; specjalizacja = poziom × 1 (nie może przekroczyć rodzica).	non-texty literal
DagoniteEmpire/Pages/Barony/Components/UnitDraftCardPreview.razor	Primary weapon. Quality adjusts Atk and Dmg (Good +1 / Poor −1).	Broń główna. Jakość zmienia Atk i Dmg (Good +1 / Poor −1).	non-texty literal
DagoniteEmpire/Pages/Barony/Components/UnitDraftCardPreview.razor	<text> · Free attrs <b>@Unit.FreeAttributePoints</b></text>	<text> · Wolne atr. <b>@Unit.FreeAttributePoints</b></text>	unresolved line
DagoniteEmpire/Pages/Barony/Components/UnitDraftCardPreview.razor	Raise {fullLabel} to {baseVal + 1} (uses 1 free attribute point).	Podnieś {fullLabel} do {baseVal + 1} (używa 1 wolnego punktu atrybutu).	interpolation/format
DagoniteEmpire/Pages/Barony/Components/UnitDraftCardPreview.razor	Raise {fullLabel} to {baseVal + 1} — costs {cost} XP.	Podnieś {fullLabel} do {baseVal + 1} — kosztuje {cost} XP.	interpolation/format
DagoniteEmpire/Pages/Barony/Components/UnitDraftCardPreview.razor	Raise Discipline to {Unit.Discipline + 1} — costs {cost} XP.	Podnieś Dyscyplinę do {Unit.Discipline + 1} — kosztuje {cost} XP.	interpolation/format
DagoniteEmpire/Pages/Barony/Components/UnitDraftCardPreview.razor	Base: {baseVal}	Baza: {baseVal}	interpolation/format
DagoniteEmpire/Pages/Barony/Components/UnitDraftCardPreview.razor	Total: {effective}	Suma: {effective}	interpolation/format
DagoniteEmpire/Pages/Barony/Components/UnitDraftCardPreview.razor	\nClick the value to edit named Other sources.	\nKliknij wartość, aby edytować nazwane źródła Other.	non-texty literal
DagoniteEmpire/Pages/Barony/Components/UnitDraftCardPreview.razor	Gear ({_armor.Name}): {FormatSigned(_armor.AgilityPenalty)}	Sprzęt ({_armor.Name}): {FormatSigned(_armor.AgilityPenalty)}	interpolation/format
DagoniteEmpire/Pages/Barony/Components/UnitDraftCardPreview.razor	Gear ({_shield.Name}): {FormatSigned(_shield.AgilityPenalty)}	Sprzęt ({_shield.Name}): {FormatSigned(_shield.AgilityPenalty)}	interpolation/format
DagoniteEmpire/Pages/Barony/Components/UnitDraftCardPreview.razor	Gear: {FormatSigned(Unit.AttrPenaltyAgility)}	Sprzęt: {FormatSigned(Unit.AttrPenaltyAgility)}	interpolation/format
DagoniteEmpire/Pages/Barony/Components/UnitDraftCardPreview.razor	Gear: {FormatSigned(Unit.AttrPenaltyBuild)}	Sprzęt: {FormatSigned(Unit.AttrPenaltyBuild)}	interpolation/format
DagoniteEmpire/Pages/Barony/Components/UnitDraftCardPreview.razor	{fullLabel} — other	{fullLabel} — inne	interpolation/format
DagoniteEmpire/Pages/Barony/Components/UnitDraftCardPreview.razor	{fullLabel} — other	{fullLabel} — inne	interpolation/format
DagoniteEmpire/Pages/Barony/Components/UnitDraftCardPreview.razor	Need {cost} XP.	Potrzeba {cost} XP.	interpolation/format
DagoniteEmpire/Pages/Barony/Components/UnitDraftCardPreview.razor	Need {cost} XP.	Potrzeba {cost} XP.	interpolation/format
DagoniteEmpire/Pages/Barony/Components/UnitDraftCardPreview.razor	{explain}\n\nClick to set troop count (MG).	{explain}\n\nKliknij, aby ustawić liczebność (MG).	interpolation/format
DagoniteEmpire/Pages/Barony/Components/UnitDraftCardPreview.razor	Current / maximum hit points.\n\nClick to set current HP (MG).	Bieżące / maksymalne punkty życia.\n\nKliknij, aby ustawić bieżące HP (MG).	non-texty literal
DagoniteEmpire/Pages/Barony/Components/UnitEquipmentPicker.razor	Pick <b>W1</b> / <b>W2</b> on a weapon row (left), armor or shield on the right.	Wybierz <b>W1</b> / <b>W2</b> w wierszu broni (po lewej), pancerz lub tarczę po prawej.	unresolved line
DagoniteEmpire/Pages/Barony/Components/UnitEquipmentPicker.razor	<b>Mkt</b> market (×2 =	<b>Mkt</b> rynek (×2 =	unresolved line
DagoniteEmpire/Pages/Barony/Components/UnitEquipmentPicker.razor	Ranged range with no penalty; −4 at double range, −8 at triple.	Zasięg strzału bez kary; −4 przy podwójnym zasięgu, −8 przy potrójnym.	non-texty literal
DagoniteEmpire/Pages/Barony/Components/UnitEquipmentPicker.razor	Market gold. Buy = Mkt gold; Defense = 2×Mkt Defense.	Złoto rynkowe. Kup = Mkt złota; Obrona = 2×Mkt Obrony.	non-texty literal
DagoniteEmpire/Pages/Barony/Components/UnitGeneratorSection.razor	Rec @_costs.GoldRecruit · Gear @_costs.GoldEquipment · Trn @_costs.GoldTraining	Rekr @_costs.GoldRecruit · Ekwip @_costs.GoldEquipment · Szkol @_costs.GoldTraining	unresolved line
DagoniteEmpire/Pages/Barony/Components/UnitGeneratorSection.razor	Rec @_costs.DefenseRecruit · Gear @_costs.DefenseEquipment · Acc @_costs.DefenseAccelerate	Rekr @_costs.DefenseRecruit · Ekwip @_costs.DefenseEquipment · Przysp @_costs.DefenseAccelerate	unresolved line
DagoniteEmpire/Pages/Barony/Components/UnitGeneratorSection.razor	Base @_previewUpkeep.BaseWage · Gear @_previewUpkeep.GearGold	Baza @_previewUpkeep.BaseWage · Ekwip @_previewUpkeep.GearGold	unresolved line
DagoniteEmpire/Pages/Barony/Components/UnitGeneratorSection.razor	· Def/t @_previewUpkeep.Defense	· Obr/t @_previewUpkeep.Defense	unresolved line
DagoniteEmpire/Pages/Barony/Components/UnitGeneratorSection.razor	Recruit hire gold (e.g. mercenaries) plus the one-time training fee (Express 10 · Accelerated 20 · Standard 40 · Elite 75). Paid when the project starts — not per turn.	Złoto za najem rekrutów (np. najemnicy) plus jednorazowa opłata za szkolenie (Express 10 · Accelerated 20 · Standard 40 · Elite 75). Płatne przy starcie projektu — nie co turę.	non-texty literal
DagoniteEmpire/Pages/Barony/Components/UnitGeneratorSection.razor	Rec @_costs.GoldRecruit · Trn @_costs.GoldTraining	Rekr @_costs.GoldRecruit · Szkol @_costs.GoldTraining	unresolved line
DagoniteEmpire/Pages/Barony/Components/UnitGeneratorSection.razor	Experience points (XP) to spend after training finishes. Attribute raise = target level × 10; base skill = level × 3; specialization = level × 1 (cannot exceed parent); discipline raise = current level.	Punkty doświadczenia (XP) do wydania po zakończeniu szkolenia. Podniesienie atrybutu = poziom docelowy × 10; umiejętność bazowa = poziom × 3; specjalizacja = poziom × 1 (nie może przekroczyć nadrzędnej); podniesienie dyscypliny = aktualny poziom.	non-texty literal
DagoniteEmpire/Pages/Barony/Components/UnitGeneratorSection.razor	Recruit → training → gear. Per item: Craft (Prod+Gold), Buy (Mkt), or Defense (2×Mkt). Max units ≈ Society; each unit is 50 troops.	Rekrutacja → szkolenie → ekwipunek. Na przedmiot: Wytwórz (Prod+Złoto), Kup (Ryn) lub Obrona (2×Ryn). Maks. oddziałów ≈ Społeczeństwo; każdy oddział liczy 50 ludzi.	unresolved line
DagoniteEmpire/Pages/Barony/Components/UnitGeneratorSection.razor	Share of the unit’s wage after training. Total wage = recruit + training.	Udział w żołdzie oddziału po szkoleniu. Całkowity żołd = rekrutacja + szkolenie.	non-texty literal
DagoniteEmpire/Pages/Barony/Components/UnitGeneratorSection.razor	One-time training fee in gold: Express 10 · Accelerated 20 · Standard 40 · Elite 75.	Jednorazowa opłata za szkolenie w złocie: Express 10 · Accelerated 20 · Standard 40 · Elite 75.	non-texty literal
DagoniteEmpire/Pages/Barony/Components/UnitGeneratorSection.razor	Training share of wage after graduation. Total wage = recruit + training.	Udział szkolenia w żołdzie po ukończeniu. Całkowity żołd = rekrutacja + szkolenie.	non-texty literal
DagoniteEmpire/Pages/Barony/Components/UnitGeneratorSection.razor	{t.Name}: {t.Pd} XP · {t.GoldCost} Gld · {t.Turns} Trn · Dis {t.StartingDiscipline}	{t.Name}: {t.Pd} XP · {t.GoldCost} Zł · {t.Turns} Tur · Dysc {t.StartingDiscipline}	interpolation/format
DagoniteEmpire/Pages/Barony/Components/UnitGeneratorSection.razor	{t.Name}: {t.Notes}. {t.Pd} XP · {t.GoldCost} Gld · {t.Turns} Trn · Dis {t.StartingDiscipline}	{t.Name}: {t.Notes}. {t.Pd} XP · {t.GoldCost} Zł · {t.Turns} Tur · Dysc {t.StartingDiscipline}	interpolation/format
DagoniteEmpire/Pages/Barony/Components/UnitGeneratorSection.razor	Accel (−50 / turn)	Przysp. (−50 / tura)	non-texty literal
DagoniteEmpire/Pages/Barony/Components/UnitGeneratorSection.razor	Cap max base skill: <b>@_costs.MaxBaseSkill</b>	Limit umiejętności bazowej: <b>@_costs.MaxBaseSkill</b>	unresolved line
DagoniteEmpire/Pages/Barony/Components/UnitGeneratorSection.razor	How each item is acquired: Craft = Production + catalog gold; Buy = market gold (Mkt) only, no Production; Defense = 2× Mkt as Defense. Weapon 1 quality (Good +1 / Poor −1 Atk &amp; Dmg) is set by the GM for the whole barony.	Jak pozyskiwany jest każdy przedmiot: Wytwórz = Produkcja + złoto z katalogu; Kup = tylko złoto rynkowe (Ryn), bez Produkcji; Obrona = 2× Ryn jako Obrona. Jakość Broni 1 (Good +1 / Poor −1 Atk &amp; Dmg) ustawia MG dla całej baronii.	non-texty literal
DagoniteEmpire/Pages/Barony/Components/UnitGeneratorSection.razor	Quality: <b>@_quality</b>	Jakość: <b>@_quality</b>	unresolved line
DagoniteEmpire/Pages/Barony/Components/UnitGeneratorSection.razor	Pending XP: <b>@XpSpentPending</b>	Oczekujące XP: <b>@XpSpentPending</b>	unresolved line
DagoniteEmpire/Pages/Barony/Components/UnitGeneratorSection.razor	· left <b>@_draft.RemainingPd</b>	· pozostało <b>@_draft.RemainingPd</b>	unresolved line
DagoniteEmpire/Pages/Barony/Components/UnitGeneratorSection.razor	<text> · free attrs <b>@FreeAttrsSpentPending</b></text>	<text> · wolne atrybuty <b>@FreeAttrsSpentPending</b></text>	unresolved line
DagoniteEmpire/Pages/Barony/Components/UnitGeneratorSection.razor	Default gear quality set to {_quality}.	Ustawiono domyślną jakość ekwipunku na {_quality}.	interpolation/format
DagoniteEmpire/Pages/Barony/Components/UnitGeneratorSection.razor	Att {r.AttributeScore} · Def {r.DefenseCost} · Gold {r.GoldCost} · Skl {r.MaxBaseSkill} · Wag {r.Wage}	Atr {r.AttributeScore} · Obr {r.DefenseCost} · Złoto {r.GoldCost} · Um {r.MaxBaseSkill} · Żołd {r.Wage}	interpolation/format
DagoniteEmpire/Pages/Barony/Components/UnitGeneratorSection.razor	Buy for {market} gold (Mkt). No Production.	Kup za {market} złota (Ryn). Bez produkcji.	interpolation/format
DagoniteEmpire/Pages/Barony/Components/UnitGeneratorSection.razor	Paid as Defense: {market * 2} (2× Mkt {market}). No Production/Gold.	Płacone Obroną: {market * 2} (2× Ryn {market}). Bez produkcji/złota.	interpolation/format
DagoniteEmpire/Pages/Barony/Components/UnitGeneratorSection.razor	Craft: Production {prod} · Gold {gold}. Or Buy (Mkt {market}) / Defense (2×Mkt).	Wytwórz: Produkcja {prod} · Złoto {gold}. Albo Kup (Ryn {market}) / Obrona (2×Ryn).	interpolation/format
DagoniteEmpire/Pages/Barony/Components/UnitGeneratorSection.razor	Pick {race.BonusBaseSkillPicks} base skills for the {race.Name} race bonus (+{race.BonusBaseSkillAmount} Other each).	Wybierz {race.BonusBaseSkillPicks} umiejętności bazowych dla premii rasowej {race.Name} (+{race.BonusBaseSkillAmount} Other każda).	interpolation/format
DagoniteEmpire/Pages/Barony/Components/UnitHpEditDialog.razor	Set current HP for this unit (0–@MaxHp). Maximum HP comes from Build, Will,	Ustaw bieżące HP dla tego oddziału (0–@MaxHp). Maksymalne HP wynika z Budowy, Woli,	unresolved line
DagoniteEmpire/Pages/Barony/Components/UnitLogDialog.razor	Unit created: {Unit.Name}.	Utworzono oddział: {Unit.Name}.	interpolation/format
DagoniteEmpire/Pages/Barony/Components/UnitReinforceDialog.razor	People cost = Selected volunteers + Standard training, scaled by troops / @UnitRules.DefaultTroopCount (floor).	Koszt ludzi = Wybrani ochotnicy + szkolenie Standard, skalowane przez liczebność / @UnitRules.DefaultTroopCount (w dół).	unresolved line
DagoniteEmpire/Pages/Barony/Components/UnitReinforceDialog.razor	Gear = current loadout at @UnitRules.ReinforceGearSalvagePercent% salvage, then the same scale.	Sprzęt = bieżący zestaw z odzyskiem @UnitRules.ReinforceGearSalvagePercent%, następnie ta sama skala.	unresolved line
DagoniteEmpire/Pages/Barony/Components/UnitReinforceDialog.razor	Craft · Buy (Mkt) · Defense (2×Mkt) — same as the unit generator. Costs below already include salvage + troop scale.	Wytwórz · Kup (Ryn) · Obrona (2×Ryn) — tak jak w generatorze oddziałów. Koszty poniżej uwzględniają już odzysk + skalę liczebności.	unresolved line
DagoniteEmpire/Pages/Barony/Components/UnitReinforceDialog.razor	Gold <b>@_costs.GoldTotal</b>	Złoto <b>@_costs.GoldTotal</b>	unresolved line
DagoniteEmpire/Pages/Barony/Components/UnitReinforceDialog.razor	Defense <b>@_costs.DefenseTotal</b>	Obrona <b>@_costs.DefenseTotal</b>	unresolved line
DagoniteEmpire/Pages/Barony/Components/UnitSkillTiles.razor	Base rank. Baron spends XP after graduation (base skills and Riding = level × 3; specialization = level × 1). MG can set freely.	Ranga bazowa. Baron wydaje XP po awansie (umiejętności bazowe i Riding = poziom × 3; specjalizacja = poziom × 1). MG może ustawić dowolnie.	non-texty literal
DagoniteEmpire/Pages/Barony/Components/UnitSkillTiles.razor	Raise {def.Name} base to {currentBase + 1} — costs {cost} XP	Podnieś bazę {def.Name} do {currentBase + 1} — kosztuje {cost} XP	interpolation/format
DagoniteEmpire/Pages/Barony/Components/UnitSkillTiles.razor	 (cap {maxBase}).	 (limit {maxBase}).	interpolation/format
DagoniteEmpire/Pages/Barony/Components/UnitSkillTiles.razor	{def.Name} cannot exceed parent base ({parentBase}).	{def.Name} nie może przekroczyć bazy rodzica ({parentBase}).	interpolation/format
DagoniteEmpire/Pages/Barony/Components/UnitSkillTiles.razor	Raise {def.Name} base to {currentBase + 1} — costs {cost} XP.	Podnieś bazę {def.Name} do {currentBase + 1} — kosztuje {cost} XP.	interpolation/format
DagoniteEmpire/Pages/Barony/Components/UnitSkillTiles.razor	Raise Discipline to {Unit.Discipline + 1} — costs {cost} XP.	Podnieś Dyscyplinę do {Unit.Discipline + 1} — kosztuje {cost} XP.	interpolation/format
DagoniteEmpire/Pages/Barony/Components/UnitSkillTiles.razor	{lines}\n\nClick to edit named sources.	{lines}\n\nKliknij, aby edytować nazwane źródła.	interpolation/format
DagoniteEmpire/Pages/Barony/Components/UnitSkillTiles.razor	{def.Name} — other	{def.Name} — inne	interpolation/format
DagoniteEmpire/Pages/Barony/Components/UnitSkillTiles.razor	{def.Name} — other	{def.Name} — inne	interpolation/format
DagoniteEmpire/Pages/Barony/Components/UnitSkillTiles.razor	Max base skill is {BaseSkillRaiseCap} until graduation.	Maksymalna baza umiejętności to {BaseSkillRaiseCap} do awansu.	interpolation/format
DagoniteEmpire/Pages/Barony/Components/UnitSkillTiles.razor	Need {cost} XP.	Potrzeba {cost} XP.	interpolation/format
DagoniteEmpire/Pages/Barony/Components/UnitSkillTiles.razor	Need {cost} XP.	Potrzeba {cost} XP.	interpolation/format
DagoniteEmpire/Pages/Barony/Components/UnitSkillTiles.razor	Need {cost} XP.	Potrzeba {cost} XP.	interpolation/format
DagoniteEmpire/Pages/Barony/Components/UnitTroopCountEditDialog.razor	Full strength is @FullStrength. Each 10% lost → −1 Attack/Defense, −4 Max HP	Pełna liczebność to @FullStrength. Każde utracone 10% → −1 Atak/Obrona, −4 Maks. HP	unresolved line
DagoniteEmpire/Pages/Barony/Components/UnitTroopCountEditDialog.razor	+@UnitRules.TroopRegenPerTurn troops per turn.	+@UnitRules.TroopRegenPerTurn żołnierzy na turę.	unresolved line
DagoniteEmpire/Pages/Barony/Components/UnitTroopCountEditDialog.razor	Preview: {preview.Steps} steps → Atk {preview.Attack}, Def {preview.Defense}, HP {preview.Hp}.	Podgląd: {preview.Steps} kroków → Atk {preview.Attack}, Def {preview.Defense}, HP {preview.Hp}.	interpolation/format
DagoniteEmpire/Pages/Barony/Components/UnrestEditDialog.razor	Community unrest (0–@UnrestPpbFormulas.Max). Feeds Community penalties on Loyalty,	Niepokój społeczny (0–@UnrestPpbFormulas.Max). Zasila kary społeczności dla Lojalności,	unresolved line
DagoniteEmpire/Pages/Barony/Components/UnrestEditDialog.razor	Stability, Law, Economy, and Production. Raised by failed loyalty tests when Stability ≤ 0.	Stabilności, Prawa, Ekonomii i Produkcji. Rośnie przy nieudanych testach lojalności, gdy Stabilność ≤ 0.	unresolved line
DagoniteEmpire/Pages/Barony/DomainPanel.razor	<PageTitle>Dagonite Empire | Domain Panel</PageTitle>	<PageTitle>Dagonitowe Imperium | Panel Domeny</PageTitle>	unresolved line
DagoniteEmpire/Pages/Barony/DomainPanel.razor	final = Σ additive + scalable_additive × (Σ percent / 100).	wartość końcowa = Σ dodatki + skalowalne_dodatki × (Σ procent / 100).	unresolved line
DagoniteEmpire/Pages/Barony/DomainPanel.razor	    private static string PpbShort(Ppb p) => p switch |     { |         Ppb.Food => "Food", |         Ppb.Economy => "Econ", |         Ppb.Production => "Prod", |         Ppb.Loyalty => "Loy", |      	    private static string PpbShort(Ppb p) => PpbCatalog.Short(p);	unbalanced hunk
DagoniteEmpire/Pages/Barony/KnownLordsPage.razor	<PageTitle>Dagonite Empire | Lords</PageTitle>	<PageTitle>Dagonitowe Imperium | Lordowie</PageTitle>	unresolved line
DagoniteEmpire/Pages/Barony/LettersPage.razor	<PageTitle>Dagonite Empire | Letters</PageTitle>	<PageTitle>Dagonitowe Imperium | Listy</PageTitle>	unresolved line
DagoniteEmpire/Pages/Barony/LettersPage.razor		wątek	non-texty literal
DagoniteEmpire/Pages/Barony/LettersPage.razor	Inbound / turn: Eastern March @BaronLetterRules.MaxInboundEasternMarchPerTurn · Empire/Other @BaronLetterRules.MaxInboundEmpirePerTurn	Przychodzące / tura: Eastern March @BaronLetterRules.MaxInboundEasternMarchPerTurn · Imperium/Inne @BaronLetterRules.MaxInboundEmpirePerTurn	unresolved line
DagoniteEmpire/Pages/Barony/LettersPage.razor		list	non-texty literal
DagoniteEmpire/Pages/Barony/LettersPage.razor	· @_receivedThisTurn/@MaxInboundForSelected from this person this turn	· @_receivedThisTurn/@MaxInboundForSelected od tej osoby w tej turze	unresolved line
DagoniteEmpire/Pages/Barony/LettersPage.razor	<text>@post.FormatInWorldDate() · Turn @post.TurnNumber</text>	<text>@post.FormatInWorldDate() · Tura @post.TurnNumber</text>	unresolved line
DagoniteEmpire/Pages/Barony/LettersPage.razor	This turn (T{turn}){seasonLabel}	Ta tura (T{turn}){seasonLabel}	interpolation/format
DagoniteEmpire/Pages/Barony/LettersPage.razor	Turn {turn}{seasonLabel}	Tura {turn}{seasonLabel}	interpolation/format
DagoniteEmpire/Pages/Barony/LettersPage.razor	Delete “{_selected.Title}” and all messages?	Usunąć „{_selected.Title}” i wszystkie wiadomości?	interpolation/format
DagoniteEmpire/Pages/Barony/LettersPage.razor	This correspondent already sent {_receivedThisTurn}/{maxInbound} letters this turn.	Ten korespondent wysłał już {_receivedThisTurn}/{maxInbound} listów w tej turze.	interpolation/format
DagoniteEmpire/Pages/Barony/LettersPage.razor	auto-saved {DateTime.Now:HH:mm:ss}	auto-zapisano {DateTime.Now:HH:mm:ss}	interpolation/format
DagoniteEmpire/Pages/Barony/LettersPage.razor	saved {DateTime.Now:HH:mm:ss}	zapisano {DateTime.Now:HH:mm:ss}	interpolation/format
DagoniteEmpire/Pages/Barony/LordsSeatPage.razor	<PageTitle>Dagonite Empire | Lord's Seat</PageTitle>	<PageTitle>Dagonitowe Imperium | Siedziba Lorda</PageTitle>	unresolved line
DagoniteEmpire/Pages/Barony/LordsSeatPage.razor		a	non-texty literal
DagoniteEmpire/Pages/Barony/MarchMapPage.razor	<PageTitle>Dagonite Empire | March map</PageTitle>	<PageTitle>Dagonitowe Imperium | Mapa marchii</PageTitle>	unresolved line
DagoniteEmpire/Pages/Barony/MarchMapPage.razor	Removed {missingLord.Count} place(s) without a linked lord ({string.Join(	Usunięto {missingLord.Count} miejsc(e) bez przypisanego lorda ({string.Join(	interpolation/format
DagoniteEmpire/Pages/Barony/MarchMapPage.razor	“{node.Label}” has no linked lord — ask the MG to fix the map.	“{node.Label}” nie ma przypisanego lorda — poproś MG o poprawienie mapy.	interpolation/format
DagoniteEmpire/Pages/Barony/MarchMapPage.razor	                "Block trade?", |                 $"Blocking {lordLabel} will remove {affected.Count} trade " + |                 $"treat{(affected.Count == 1 ? "y" : "ies")} that pass through or end 	                "Zablokować handel?", |                 $"Zablokowanie {lordLabel} usunie {affected.Count} traktatów handlowych, które przechodzą przez tę siedzibę lub się w niej kończą:\n\n" + |     	unbalanced hunk
DagoniteEmpire/Pages/Barony/MarchMapPage.razor	$"Removed {affected.Count} trade treat{(affected.Count == 1 ? "y" : "ies")} blocked by this seat.",	$"Usunięto {affected.Count} traktatów handlowych zablokowanych przez tę siedzibę.",	unresolved line
DagoniteEmpire/Pages/Barony/MarchMapPage.razor	• Treaty with {lord.Name} {lord.House}	• Traktat z {lord.Name} {lord.House}	interpolation/format
DagoniteEmpire/Pages/Barony/MarchMapPage.razor	• Treaty ({treaty.CounterpartyLordKey})	• Traktat ({treaty.CounterpartyLordKey})	interpolation/format
DagoniteEmpire/Pages/Barony/NotesPage.razor	<PageTitle>Dagonite Empire | Barony Notes</PageTitle>	<PageTitle>Dagonitowe Imperium | Notatki baronii</PageTitle>	unresolved line
DagoniteEmpire/Pages/Barony/NotesPage.razor		turę	non-texty literal
DagoniteEmpire/Pages/Barony/NotesPage.razor	Current turn: <b>T@(CurrentTurn)</b>. Reminders light up when your barony reaches the target turn.	Bieżąca tura: <b>T@(CurrentTurn)</b>. Przypomnienia zaświecą się, gdy Twoja baronia osiągnie docelową turę.	unresolved line
DagoniteEmpire/Pages/Barony/NotesPage.razor	Note {_threads.Count + 1}	Notatka {_threads.Count + 1}	interpolation/format
DagoniteEmpire/Pages/Barony/NotesPage.razor	Delete \"{ThreadTitle(thread)}\" permanently? This cannot be undone.	Usunąć \"{ThreadTitle(thread)}\" na stałe? Tej operacji nie można cofnąć.	interpolation/format
DagoniteEmpire/Pages/Barony/NotesPage.razor	Done \u00b7 target T{due}	Ukończono \u00b7 cel T{due}	interpolation/format
DagoniteEmpire/Pages/Barony/NotesPage.razor	Due now \u00b7 T{due}	Termin teraz \u00b7 T{due}	interpolation/format
DagoniteEmpire/Pages/Barony/NotesPage.razor	Overdue by {over} turn{(over == 1 ? 	Zaległe o {over} tur{(over == 1 ? 	interpolation/format
DagoniteEmpire/Pages/Barony/NotesPage.razor	In {left} turn{(left == 1 ? 	Za {left} tur{(left == 1 ? 	interpolation/format
DagoniteEmpire/Pages/Barony/OfficesPage.razor	<PageTitle>Dagonite Empire | Court</PageTitle>	<PageTitle>Dagonitowe Imperium | Dwór</PageTitle>	unresolved line
DagoniteEmpire/Pages/Barony/ProjectsPage.razor	<PageTitle>Dagonite Empire | Projects</PageTitle>	<PageTitle>Dagonitowe Imperium | Projekty</PageTitle>	unresolved line
DagoniteEmpire/Pages/Barony/RelationsPage.razor	<PageTitle>Dagonite Empire | Relations</PageTitle>	<PageTitle>Dagonitowe Imperium | Relacje</PageTitle>	unresolved line
DagoniteEmpire/Pages/Barony/ResourcesPage.razor	<PageTitle>Dagonite Empire | Barony Resources</PageTitle>	<PageTitle>Dagonitowe Imperium | Zasoby baronii</PageTitle>	unresolved line
DagoniteEmpire/Pages/Barony/ResourcesPage.razor	Remove ledger line “{row.Label}”? Current stocks are not changed — edit the source to zero first if you want to reverse a grant.	Usunąć wiersz rejestru “{row.Label}”? Bieżące zapasy nie zmienią się — najpierw wyzeruj źródło, jeśli chcesz cofnąć nadanie.	interpolation/format
DagoniteEmpire/Pages/Barony/StyleLab.razor	<PageTitle>Dagonite Empire | Barony Style Lab</PageTitle>	<PageTitle>Dagonitowe Imperium | Laboratorium Stylów Baronii</PageTitle>	unresolved line
DagoniteEmpire/Pages/Barony/TerrainPage.razor	<PageTitle>Dagonite Empire | Terrain</PageTitle>	<PageTitle>Dagonitowe Imperium | Teren</PageTitle>	unresolved line
DagoniteEmpire/Pages/Barony/TerrainPage.razor	Map resized to {width}×{height}.	Zmieniono rozmiar mapy na {width}×{height}.	interpolation/format
DagoniteEmpire/Pages/Barony/TerrainPage.razor	A construction project is already planned here: {existing.Name}.	Tutaj zaplanowano już projekt budowy: {existing.Name}.	interpolation/format
DagoniteEmpire/Pages/Barony/TerrainPage.razor	{t.Name} (needs {good})	{t.Name} (wymaga: {good})	interpolation/format
DagoniteEmpire/Pages/Barony/TerrainPage.razor	Are you sure you want to delete domain \"{domain.Name}\"?	Czy na pewno chcesz usunąć domenę \"{domain.Name}\"?	interpolation/format
DagoniteEmpire/Pages/Barony/TerrainPage.razor	Are you sure you want to delete fief \"{fief.Name}\"?	Czy na pewno chcesz usunąć lenno \"{fief.Name}\"?	interpolation/format
DagoniteEmpire/Pages/Barony/TerrainPage.razor	Catalog entry “{templateName}” not found. Restart the app to reseed Buildings.	Nie znaleziono wpisu katalogu „{templateName}”. Uruchom aplikację ponownie, aby ponownie zainicjować Budynki.	interpolation/format
DagoniteEmpire/Pages/Barony/TerrainPage.razor	[{x}, {y}] Under construction: {construction.Name}	[{x}, {y}] W budowie: {construction.Name}	interpolation/format
DagoniteEmpire/Pages/Barony/TerrainPage.razor	{terrain} with {JoinFeatureNames(features)}	{terrain} z {JoinFeatureNames(features)}	interpolation/format
DagoniteEmpire/Pages/Barony/TerrainPage.razor	{domain.Name} (lord {domain.LordName})	{domain.Name} (władca {domain.LordName})	interpolation/format
DagoniteEmpire/Pages/Barony/TerrainPage.razor	fief of {TerrainMapVisuals.FiefChipTitle(fief)}	lenno {TerrainMapVisuals.FiefChipTitle(fief)}	interpolation/format
DagoniteEmpire/Pages/Barony/TerrainPage.razor	{TerrainResource.DisplayName(tile.Resource).ToLowerInvariant()} deposit	złoże {TerrainResource.DisplayName(tile.Resource).ToLowerInvariant()}	interpolation/format
DagoniteEmpire/Pages/Barony/TerrainPage.razor	{names[0]} and {names[1]}	{names[0]} i {names[1]}	interpolation/format
DagoniteEmpire/Pages/Barony/TradeGoodsPage.razor	<PageTitle>Dagonite Empire | Trade</PageTitle>	<PageTitle>Dagonitowe Imperium | Handel</PageTitle>	unresolved line
DagoniteEmpire/Pages/Campaign/CampaignList.razor	<PageTitle>Dagonie Empire | Campaigns</PageTitle>	<PageTitle>Dagonitowe Imperium | Kampanie</PageTitle>	unresolved line
DagoniteEmpire/Pages/Campaign/ChapterList.razor	<PageTitle>Dagonie Empire | Chapters</PageTitle>	<PageTitle>Dagonitowe Imperium | Rozdziały</PageTitle>	unresolved line
DagoniteEmpire/Pages/Campaign/ChapterThread.razor	End turn {currentTurn}, start turn {nextTurn}?	Zakończyć turę {currentTurn} i rozpocząć turę {nextTurn}?	interpolation/format
DagoniteEmpire/Pages/Campaign/ChapterThread.razor	Turn {BattlePhase.CurrentTurn} started	Rozpoczęto turę {BattlePhase.CurrentTurn}	interpolation/format
DagoniteEmpire/Pages/Campaign/ChapterThread.razor	            return $"{post.AlternativeName.Trim()} begins";	        { |             var turnNo = post.AlternativeName.AsSpan("Battle turn ".Length).Trim().ToString(); |             return $"Tura bitwy {turnNo} — początek"; |         }	unbalanced hunk
DagoniteEmpire/Pages/Campaign/ChapterThread.razor	Battle turn (\d+) begins	tury (\d+)	non-texty literal
DagoniteEmpire/Pages/Campaign/ChapterThread.razor	Battle turn {match.Groups[1].Value} begins	Tura bitwy {match.Groups[1].Value} — początek	interpolation/format
DagoniteEmpire/Pages/Campaign/ChapterThread.razor	 (by {RichText.BoldText(causedBy)})	 (od {RichText.BoldText(causedBy)})	interpolation/format
DagoniteEmpire/Pages/Campaign/ChapterThread.razor	{target} received {BoldWoundDescription(e.Description)}{causedBy}	{target} otrzymał {BoldWoundDescription(e.Description)}{causedBy}	interpolation/format
DagoniteEmpire/Pages/Campaign/ChapterThread.razor	BattleTurnEventKind.Unconscious => $"{target} became {RichText.BoldText(States.Names.Unconscious)}{causedBy}",	BattleTurnEventKind.Unconscious => $"{target} stracił {RichText.BoldText("przytomność")}{causedBy}",	unresolved line
DagoniteEmpire/Pages/Campaign/ChapterThread.razor	{target} died{causedBy}	{target} zginął{causedBy}	interpolation/format
DagoniteEmpire/Pages/Campaign/ChapterThread.razor	$"{target} — pain resistance test ({RichText.BoldText(States.Names.Bleeding)}): {e.Description}",	$"{target} — test odporności na ból ({RichText.BoldText("Krwawienie")}): {e.Description}",	unresolved line
DagoniteEmpire/Pages/Campaign/ChapterThread.razor	{target} gained {BoldStateDescription(e.Description)}{causedBy}	{target} zyskał {BoldStateDescription(e.Description)}{causedBy}	interpolation/format
DagoniteEmpire/Pages/Campaign/ChapterThread.razor	{rounds} rounds	{rounds} rund	interpolation/format
DagoniteEmpire/Pages/Campaign/ChapterThread.razor	The battle lasted {RichText.BoldText(FormatRoundCount(rounds))}.	Bitwa trwała {RichText.BoldText(FormatRoundCount(rounds))}.	interpolation/format
DagoniteEmpire/Pages/Campaign/ChapterThread.razor	Summary of turn {endingTurn}:	Podsumowanie tury {endingTurn}:	interpolation/format
DagoniteEmpire/Pages/CharacterPages/CharacterList.razor	<PageTitle>Dagonie Empire | Character list</PageTitle>	<PageTitle>Dagonie Empire | Lista postaci</PageTitle>	unresolved line
DagoniteEmpire/Pages/CharacterPages/CharacterList.razor	Are you sure you want to delete {character?.NPCName ?? 	Czy na pewno usunąć {character?.NPCName ?? 	interpolation/format
DagoniteEmpire/Pages/CharacterPages/CharacterUpsert.razor	<PageTitle>Dagonie Empire | Character</PageTitle>	<PageTitle>Dagonie Empire | Postać</PageTitle>	unresolved line
DagoniteEmpire/Pages/CharacterPages/EquipmentPage.razor	<PageTitle>Dagonie Empire | Equipment</PageTitle>	<PageTitle>Dagonie Empire | Ekwipunek</PageTitle>	unresolved line
DagoniteEmpire/Pages/CharacterPages/HealthPage.razor	<PageTitle>Dagonie Empire | Health</PageTitle>	<PageTitle>Dagonie Empire | Zdrowie</PageTitle>	unresolved line
DagoniteEmpire/Pages/CharacterPages/ProfessionPage.razor	<PageTitle>Dagonie Empire | Class</PageTitle>	<PageTitle>Dagonie Empire | Profesja</PageTitle>	unresolved line
DagoniteEmpire/Pages/Components/BattleStatsComponent.razor	<label>Skill (@Weapons[EquippedItems.WeaponMain1].RelatedSkill): </label>	<label>Umiejętność (@Weapons[EquippedItems.WeaponMain1].RelatedSkill): </label>	unresolved line
DagoniteEmpire/Pages/Components/BattleStatsComponent.razor	<label>Skill (@Weapons[EquippedItems.WeaponOff1].RelatedSkill): </label>	<label>Umiejętność (@Weapons[EquippedItems.WeaponOff1].RelatedSkill): </label>	unresolved line
DagoniteEmpire/Pages/Components/BattleStatsComponent.razor	<label>Skill (@Weapons[EquippedItems.WeaponMain2].RelatedSkill): </label>	<label>Umiejętność (@Weapons[EquippedItems.WeaponMain2].RelatedSkill): </label>	unresolved line
DagoniteEmpire/Pages/Components/BattleStatsComponent.razor	<label>Skill (@Weapons[EquippedItems.WeaponOff2].RelatedSkill): </label>	<label>Umiejętność (@Weapons[EquippedItems.WeaponOff2].RelatedSkill): </label>	unresolved line
DagoniteEmpire/Pages/Components/EquipmentComponent.razor	Are you sure you want to delete {slot.Equipment.Name}?	Czy na pewno chcesz usunąć {slot.Equipment.Name}?	interpolation/format
DagoniteEmpire/Pages/Components/LanguagesComponent.razor	<span>Known: @AllParams.GetUsedLanguageSlots() / @AllParams.GetMaxLanguageSlots()</span>	<span>Znane: @AllParams.GetUsedLanguageSlots() / @AllParams.GetMaxLanguageSlots()</span>	unresolved line
DagoniteEmpire/Pages/Components/PanelCharacterComponent.razor	{turns} turns left	pozostało tur: {turns}	interpolation/format
DagoniteEmpire/Pages/Components/PanelCharacterComponent.razor	Declare for {characterName}?	Zadeklarować dla {characterName}?	interpolation/format
DagoniteEmpire/Pages/Components/PanelCharacterComponent.razor	End turn for {participantName}?	Zakończyć turę dla {participantName}?	interpolation/format
DagoniteEmpire/Pages/Components/PanelCharacterComponent.razor	Half action for {participantName}?	Pół akcji dla {participantName}?	interpolation/format
DagoniteEmpire/Pages/Components/SpecialSkillsComponent.razor	Are you sure you want to delete {newSkill.Name}?	Czy na pewno chcesz usunąć {newSkill.Name}?	interpolation/format
DagoniteEmpire/Pages/Dialogs/AddBaronyResourcesPostDialog.razor	<PpbVectorEditor @bind-Value="_ppbDelta" Title="Resources (Food, Loyalty, Production, ...)" UseEnglishLabels="true" />	<PpbVectorEditor @bind-Value="_ppbDelta" Title="Zasoby (Wyżywienie, Lojalność, Produkcja, ...)" />	unresolved line
DagoniteEmpire/Pages/Dialogs/AddStatusDialog.razor	{SelectedTrait.Name} added to:{SelectedCharacterName}	{SelectedTrait.Name} dodano do: {SelectedCharacterName}	interpolation/format
DagoniteEmpire/Pages/Dialogs/BattleLogDialog.razor	 (by {Encode(e.CausedBy)})	 (od {Encode(e.CausedBy)})	interpolation/format
DagoniteEmpire/Pages/Dialogs/BattleLogDialog.razor	{target} received {description}{causedBy}	{target} otrzymał {description}{causedBy}	interpolation/format
DagoniteEmpire/Pages/Dialogs/BattleLogDialog.razor	{target} became unconscious{causedBy}	{target} stracił przytomność{causedBy}	interpolation/format
DagoniteEmpire/Pages/Dialogs/BattleLogDialog.razor	{target} died{causedBy}	{target} zginął{causedBy}	interpolation/format
DagoniteEmpire/Pages/Dialogs/BattleLogDialog.razor	{target} — pain resistance test (Bleeding): {description}	{target} — test odporności na ból (Krwawienie): {description}	interpolation/format
DagoniteEmpire/Pages/Dialogs/BattleLogDialog.razor	{target} gained {description}{causedBy}	{target} zyskał {description}{causedBy}	interpolation/format
DagoniteEmpire/Pages/Dialogs/CharDescriptionDialog.razor	<p>Here write a description of your character</p>	<p>Tutaj wpisz opis swojej postaci</p>	non-texty literal
DagoniteEmpire/Pages/Dialogs/CharDescriptionDialog.razor	<p>Here write a description of your character</p>	<p>Tutaj wpisz opis swojej postaci</p>	non-texty literal
DagoniteEmpire/Pages/Dialogs/CreateCampaignDialog.razor	@Title Campaign	@Title kampanię	unresolved line
DagoniteEmpire/Pages/Dialogs/CreateChapterDialog.razor	@Title Chapter	@Title rozdział	unresolved line
DagoniteEmpire/Pages/Dialogs/CreateEquipmentSlotDialog.razor	custom {source.Name.ToLowerInvariant()}	własny {source.Name.ToLowerInvariant()}	interpolation/format
DagoniteEmpire/Pages/Dialogs/CreateMobDialog.razor	@Title mob character	@Title — postać moba	unresolved line
DagoniteEmpire/Pages/Dialogs/CreateMobDialog.razor	<MudText>Current status: @NewMob.States</MudText>	<MudText>Bieżący stan: @NewMob.States</MudText>	unresolved line
DagoniteEmpire/Pages/Dialogs/CreateWoundDialog.razor	@Title Wound	@Title Rana	unresolved line
DagoniteEmpire/Pages/Dialogs/ExistingMobsDialog.razor	@Title mob characters	@Title — postacie mobów	unresolved line
DagoniteEmpire/Pages/Dialogs/ExistingMobsDialog.razor	<PropertyColumn HeaderStyle="font-weight:bold; padding:4px 4px 4px 12px;" CellStyle="padding:4px 4px 4px 12px;;" Property="x => x.Name" />	<PropertyColumn HeaderStyle="font-weight:bold; padding:4px 4px 4px 12px;" CellStyle="padding:4px 4px 4px 12px;;" Property="x => x.Name" Title="Nazwa" />	unresolved line
DagoniteEmpire/Pages/Dialogs/ExistingTraitDialog.razor	HeaderName = "Add " + TraitName + "s " + "from existing";	HeaderName = "Dodaj " + TraitName + " z istniejących";	unresolved line
DagoniteEmpire/Pages/Dialogs/MakeSkillRollDialog.razor	{RichText.BoldText(RollerName)} is making an {SD.GetDifficultyName(DifficultyValue)} {RichText.BoldText(rollerSkill.Name)} skill check	{RichText.BoldText(RollerName)} wykonuje sprawdzian umiejętności {RichText.BoldText(rollerSkill.Name)} o trudności {SD.GetDifficultyName(DifficultyValue)}	interpolation/format
DagoniteEmpire/Pages/Dialogs/MakeSkillRollDialog.razor	{RollerName} skill value: {sumOfAll}	Wartość umiejętności {RollerName}: {sumOfAll}	interpolation/format
DagoniteEmpire/Pages/Dialogs/MakeSkillRollDialog.razor	Bonus from {item.First}: {item.Second}	Bonus od {item.First}: {item.Second}	interpolation/format
DagoniteEmpire/Pages/Dialogs/MakeSkillRollDialog.razor	Difficulty level: {DifficultyValue}	Poziom trudności: {DifficultyValue}	interpolation/format
DagoniteEmpire/Pages/Dialogs/MakeSkillRollDialog.razor	{RichText.BoldText(RollerName)} is making an opposite {rollerSkill.Name} skill check vs. {RichText.BoldText(DefenderName)} {defenderSkill.Name} skill	{RichText.BoldText(RollerName)} wykonuje przeciwstawny sprawdzian umiejętności {rollerSkill.Name} przeciwko umiejętności {defenderSkill.Name} postaci {RichText.BoldText(DefenderName)}	interpolation/format
DagoniteEmpire/Pages/Dialogs/MakeSkillRollDialog.razor	{RollerName} skill value: {rollerSkill.Value}	Wartość umiejętności {RollerName}: {rollerSkill.Value}	interpolation/format
DagoniteEmpire/Pages/Dialogs/MakeSkillRollDialog.razor	Bonus from {item.First}: {item.Second}	Bonus od {item.First}: {item.Second}	interpolation/format
DagoniteEmpire/Pages/Dialogs/MakeSkillRollDialog.razor	{DefenderName} skill value: {defenderSkill.Value}	Wartość umiejętności {DefenderName}: {defenderSkill.Value}	interpolation/format
DagoniteEmpire/Pages/Dialogs/MakeSkillRollDialog.razor	Bonus from {item.First}: {item.Second}	Bonus od {item.First}: {item.Second}	interpolation/format
DagoniteEmpire/Pages/Dialogs/WealthRecordsDialog.razor	<PropertyColumn Property="x => x.Description" />	<PropertyColumn Property="x => x.Description" Title="Opis" />	unresolved line
DagoniteEmpire/Pages/Dialogs/WealthRecordsDialog.razor	<PropertyColumn Property="x => x.Imperials" />	<PropertyColumn Property="x => x.Imperials" Title="Imperiale" />	unresolved line
DagoniteEmpire/Pages/Dialogs/WealthRecordsDialog.razor	<PropertyColumn Property="x => x.Talars" />	<PropertyColumn Property="x => x.Talars" Title="Talary" />	unresolved line
DagoniteEmpire/Pages/Dialogs/WealthRecordsDialog.razor	<PropertyColumn Property="x => x.Hellers" />	<PropertyColumn Property="x => x.Hellers" Title="Halerze" />	unresolved line
DagoniteEmpire/Pages/Dialogs/WealthRecordsDialog.razor	<PropertyColumn Property="x => x.Coppers" />	<PropertyColumn Property="x => x.Coppers" Title="Miedziaki" />	unresolved line
DagoniteEmpire/Pages/GameMaster/CreateBaronyDialog.razor	Barony \"{barony.Name}\" created (with campaign).	Utworzono baronię \"{barony.Name}\" (wraz z kampanią).	interpolation/format
DagoniteEmpire/Program.cs		            .AddErrorDescriber<DagoniteEmpire.Account.PolishIdentityErrorDescriber>()	unbalanced hunk
DagoniteEmpire/Service/DbInitializer.cs	Large stationary shield. −2 to fight tests; can provide full cover in some situations	Duża, stacjonarna tarcza. −2 do testów walki; w niektórych sytuacjach może zapewnić pełną osłonę	non-texty literal
DagoniteEmpire/Shared/_DeleteConfirmation.razor	Are you sure you want to delete @DeletingComponentName?	Czy na pewno usunąć @DeletingComponentName?	unresolved line
DagoniteEmpire/Shared/_LeavePage.razor	Changes to @ComponentDescription will not be saved	Zmiany w @ComponentDescription nie zostaną zapisane	unresolved line
docs/barony/commander-skill-tree.json	When attacked from the side: Exposure bonus against this unit is −0.5 (min 0).	Przy ataku od boku: premia Ekspozycji przeciw temu oddziałowi jest −0,5 (min. 0).	non-texty literal
docs/barony/commander-skill-tree.json	May form Testudo: Exposure from side and front-corner lowered by 0.5; Move −1 while formed.	Może uformować Testudo: Ekspozycja od boku i narożnika przedniego obniżona o 0,5; Ruch −1 w formacji.	non-texty literal
docs/barony/commander-skill-tree.json	Shot range Attack penalty is −1 per tile instead of −2.	Kara Ataku za zasięg strzału to −1 na pole zamiast −2.	non-texty literal
(conflict)	s	i	multiple PL for same EN
(conflict)	s	osoby	multiple PL for same EN
(conflict)	s	ów	multiple PL for same EN
(conflict)	s	listów	multiple PL for same EN
(conflict)	s	wymiany	multiple PL for same EN
(conflict)	s	y	multiple PL for same EN
(conflict)	s	tur	multiple PL for same EN
(conflict)	s	owie	multiple PL for same EN
(conflict)	s	towary	multiple PL for same EN
(conflict)	s	projekty	multiple PL for same EN
(conflict)	s	wątków	multiple PL for same EN
(conflict)	Loading...	Wczytywanie...	multiple PL for same EN
(conflict)	Loading...	Ładowanie...	multiple PL for same EN
(conflict)	Gold	Złoto	multiple PL for same EN
(conflict)	Gold	Złoty	multiple PL for same EN
(conflict)	Edit	Zapisz	multiple PL for same EN
(conflict)	Edit	Edytuj	multiple PL for same EN
(conflict)	Unassigned	Nieprzypisany	multiple PL for same EN
(conflict)	Unassigned	Nieobsadzony	multiple PL for same EN
(conflict)	Σ section	Σ sekcji	multiple PL for same EN
(conflict)	Σ section	Σ sekcja	multiple PL for same EN
(conflict)	Dismiss	Oddal	multiple PL for same EN
(conflict)	Dismiss	Odrzuć	multiple PL for same EN
(conflict)	Fear	Postrach	multiple PL for same EN
(conflict)	Fear	Strach	multiple PL for same EN
(conflict)	Add one above.	Dodaj jeden powyżej.	multiple PL for same EN
(conflict)	Add one above.	Dodaj powyżej.	multiple PL for same EN
(conflict)	Add one above.	Dodaj jedną powyżej.	multiple PL for same EN
(conflict)	Σ total influence	Σ łączny wpływ	multiple PL for same EN
(conflict)	Σ total influence	Σ całkowity wpływ	multiple PL for same EN
(conflict)	Add Bonus Source	Dodaj źródło bonusu	multiple PL for same EN
(conflict)	Add Bonus Source	Dodaj źródło premii	multiple PL for same EN
(conflict)	Edit Bonus Source	Edytuj źródło premii	multiple PL for same EN
(conflict)	Edit Bonus Source	Edytuj źródło bonusu	multiple PL for same EN
(conflict)	Bonus source saved.	Zapisano źródło premii.	multiple PL for same EN
(conflict)	Bonus source saved.	Zapisano źródło bonusu.	multiple PL for same EN
(conflict)	Bonus source removed.	Usunięto źródło premii.	multiple PL for same EN
(conflict)	Bonus source removed.	Usunięto źródło bonusu.	multiple PL for same EN
(conflict)	Optional. Shown on hover over the source in the table.	Opcjonalne. Wyświetlane po najechaniu na źródło w tabeli.	multiple PL for same EN
(conflict)	Optional. Shown on hover over the source in the table.	Opcjonalnie. Wyświetlany po najechaniu na źródło w tabeli.	multiple PL for same EN
(conflict)	Difficult	Trudny teren	multiple PL for same EN
(conflict)	Difficult	Trudny	multiple PL for same EN
(conflict)	Deploy	Rozmieszczenie	multiple PL for same EN
(conflict)	Deploy	Rozstaw	multiple PL for same EN
(conflict)	Dmg	Zadane	multiple PL for same EN
(conflict)	Dmg	Otrzymane	multiple PL for same EN
(conflict)	Battle XP summary	Podsumowanie XP bitwy	multiple PL for same EN
(conflict)	Battle XP summary	Podsumowanie XP z bitwy	multiple PL for same EN
(conflict)	Edit catalog entry	Edytuj pozycję katalogu	multiple PL for same EN
(conflict)	Edit catalog entry	Edytuj wpis katalogu	multiple PL for same EN
(conflict)	Locked	Zablokowane	multiple PL for same EN
(conflict)	Locked	Zablokowano	multiple PL for same EN
(conflict)	Commander XP pool	Pula doświadczenia dowódcy	multiple PL for same EN
(conflict)	Commander XP pool	Pula PD dowódcy	multiple PL for same EN
(conflict)	source names show on hover and here.	nazwy źródeł widoczne są po najechaniu i tutaj.	multiple PL for same EN
(conflict)	source names show on hover and here.	nazwy źródeł widać po najechaniu i tutaj.	multiple PL for same EN
(conflict)	source names show on hover and here.	nazwy źródeł widoczne po najechaniu i tutaj.	multiple PL for same EN
(conflict)	Lordship	Władza	multiple PL for same EN
(conflict)	Lordship	Godność	multiple PL for same EN
(conflict)	Gold cost	Koszt złota	multiple PL for same EN
(conflict)	Gold cost	Koszt w złocie	multiple PL for same EN
(conflict)	PPB additive (+)	PPB dodawanie (+)	multiple PL for same EN
(conflict)	PPB additive (+)	PPB addytywne (+)	multiple PL for same EN
(conflict)	PPB additive (+)	PPB dodawane (+)	multiple PL for same EN
(conflict)	PPB additive (+)	PPB dodatkowe (+)	multiple PL for same EN
(conflict)	New catalog entry	Nowy wpis katalogu	multiple PL for same EN
(conflict)	New catalog entry	Nowa pozycja katalogu	multiple PL for same EN
(conflict)	Optional description shown on name hover.	Opcjonalny opis wyświetlany po najechaniu na nazwę.	multiple PL for same EN
(conflict)	Optional description shown on name hover.	Opcjonalny opis pokazywany po najechaniu na nazwę.	multiple PL for same EN
(conflict)	Optional description shown on name hover.	Opcjonalny opis widoczny po najechaniu na nazwę.	multiple PL for same EN
(conflict)	Prestige / Honor / Fear	Prestiż / Honor / Postrach	multiple PL for same EN
(conflict)	Prestige / Honor / Fear	Prestiż / Honor / Strach	multiple PL for same EN
(conflict)	Active	Aktywna	multiple PL for same EN
(conflict)	Active	Aktywny	multiple PL for same EN
(conflict)	Enter a name.	Wprowadź nazwę.	multiple PL for same EN
(conflict)	Enter a name.	Podaj nazwę.	multiple PL for same EN
(conflict)	Other	Inne	multiple PL for same EN
(conflict)	Other	Inny	multiple PL for same EN
(conflict)	Σ total	Σ razem	multiple PL for same EN
(conflict)	Σ total	Σ suma	multiple PL for same EN
(conflict)	Resource allocation	Alokacja zasobów	multiple PL for same EN
(conflict)	Resource allocation	Przydział zasobów	multiple PL for same EN
(conflict)	Outcomes	Wyniki	multiple PL for same EN
(conflict)	Outcomes	Rezultaty	multiple PL for same EN
(conflict)	Resolve	Rozstrzygnij	multiple PL for same EN
(conflict)	Resolve	Rozlicz	multiple PL for same EN
(conflict)	Text	Treść	multiple PL for same EN
(conflict)	Text	Tekst	multiple PL for same EN
(conflict)	PPB percent (%)	PPB procentowe (%)	multiple PL for same EN
(conflict)	PPB percent (%)	PPB procent (%)	multiple PL for same EN
(conflict)	Population (additive)	Populacja (dodatnia)	multiple PL for same EN
(conflict)	Population (additive)	Populacja (dodatek)	multiple PL for same EN
(conflict)	Inactive — excluded from totals.	Nieaktywne — wyłączone z sum.	multiple PL for same EN
(conflict)	Inactive — excluded from totals.	Nieaktywne — wykluczone z sum.	multiple PL for same EN
(conflict)	Edit town	Edytuj miasteczko	multiple PL for same EN
(conflict)	Edit town	Edytuj miasto	multiple PL for same EN
(conflict)	Town PPB is computed from Population.	PPB miasteczka jest obliczane z populacji.	multiple PL for same EN
(conflict)	Town PPB is computed from Population.	PPB miasta jest obliczane z Populacji.	multiple PL for same EN
(conflict)	MG override	Nadpisanie MG	multiple PL for same EN
(conflict)	MG override	korekta MG	multiple PL for same EN
(conflict)	Additive	Addytywne	multiple PL for same EN
(conflict)	Additive	Dodatnie	multiple PL for same EN
(conflict)	Additive	Dodatkowe	multiple PL for same EN
(conflict)	Assign	Przypisz	multiple PL for same EN
(conflict)	Assign	Przydziel	multiple PL for same EN
(conflict)	Pick	Wybierz	multiple PL for same EN
(conflict)	Pick	Wybór	multiple PL for same EN
(conflict)	Gold (gear)	Złoto (ekwipunek)	multiple PL for same EN
(conflict)	Gold (gear)	Złoto (ekwip.)	multiple PL for same EN
(conflict)	Gear	Sprzęt	multiple PL for same EN
(conflict)	Gear	Ekwipunek	multiple PL for same EN
(conflict)	Turn resolved	Tura rozstrzygnięta	multiple PL for same EN
(conflict)	Turn resolved	Tura rozliczona	multiple PL for same EN
(conflict)	Draft	Szkic	multiple PL for same EN
(conflict)	Draft	Wersja robocza	multiple PL for same EN
(conflict)	Editing	Edytowanie	multiple PL for same EN
(conflict)	Editing	Edycja	multiple PL for same EN
(conflict)	Move	Przesuń	multiple PL for same EN
(conflict)	Move	Ruch	multiple PL for same EN
(conflict)	Terrain type	Typ terenu	multiple PL for same EN
(conflict)	Terrain type	Rodzaj terenu	multiple PL for same EN
(conflict)	Unknown	Nieznany	multiple PL for same EN
(conflict)	Unknown	Nieznana	multiple PL for same EN
(conflict)	Character name	Nazwa postaci	multiple PL for same EN
(conflict)	Character name	Imię postaci	multiple PL for same EN
(conflict)	Skill roll	Rzut umiejętności	multiple PL for same EN
(conflict)	Skill roll	Rzut na umiejętność	multiple PL for same EN
(conflict)	Base	Baza	multiple PL for same EN
(conflict)	Base	Baz.	multiple PL for same EN
(conflict)	Tiles	Kafelki	multiple PL for same EN
(conflict)	Tiles	Pola	multiple PL for same EN
(conflict)	Impassable	Nieprzejezdny	multiple PL for same EN
(conflict)	Impassable	Nieprzebyty	multiple PL for same EN
(conflict)	Warning	Uwaga	multiple PL for same EN
(conflict)	Warning	Ostrzeżenie	multiple PL for same EN
(conflict)	Confirm	Zatwierdź	multiple PL for same EN
(conflict)	Confirm	Potwierdź	multiple PL for same EN
(conflict)	Location	Miejsce	multiple PL for same EN
(conflict)	Location	Lokalizacja	multiple PL for same EN
(conflict)	Error while saving:	Błąd zapisu:	multiple PL for same EN
(conflict)	Error while saving:	Błąd podczas zapisywania:	multiple PL for same EN
(conflict)	Current wounds	Bieżące rany	multiple PL for same EN
(conflict)	Current wounds	Obecne rany	multiple PL for same EN
(conflict)	Error while image upload:	Błąd przesyłania obrazu:	multiple PL for same EN
(conflict)	Error while image upload:	Błąd podczas przesyłania obrazu:	multiple PL for same EN
(conflict)	Specify class	Określ klasę	multiple PL for same EN
(conflict)	Specify class	Określ profesję	multiple PL for same EN
(conflict)	Class name	Nazwa klasy	multiple PL for same EN
(conflict)	Class name	Nazwa profesji	multiple PL for same EN
(conflict)	Insert class name	Wpisz nazwę klasy	multiple PL for same EN
(conflict)	Insert class name	Wpisz nazwę profesji	multiple PL for same EN
(conflict)	Class Level	Poziom profesji	multiple PL for same EN
(conflict)	Class Level	Poziom klasy	multiple PL for same EN
(conflict)	Class description	Opis profesji	multiple PL for same EN
(conflict)	Class description	Opis klasy	multiple PL for same EN
(conflict)	Active class skills	Aktywne umiejętności profesji	multiple PL for same EN
(conflict)	Active class skills	Aktywne umiejętności klasy	multiple PL for same EN
(conflict)	Passive class skills	Pasywne umiejętności profesji	multiple PL for same EN
(conflict)	Passive class skills	Pasywne umiejętności klasy	multiple PL for same EN
(conflict)	Create name and description of class	Utwórz nazwę i opis profesji	multiple PL for same EN
(conflict)	Create name and description of class	Utwórz nazwę i opis klasy	multiple PL for same EN
(conflict)	edited	zedytowany	multiple PL for same EN
(conflict)	edited	zedytowano	multiple PL for same EN
(conflict)	added	dodany	multiple PL for same EN
(conflict)	added	dodano	multiple PL for same EN
(conflict)	Select location	Wybierz lokalizację	multiple PL for same EN
(conflict)	Select location	Wybierz lokację	multiple PL for same EN
(conflict)	Add mob	Dodaj przeciwnika	multiple PL for same EN
(conflict)	Add mob	Dodaj moba	multiple PL for same EN
(conflict)	Error while initialize:	Błąd podczas inicjalizacji:	multiple PL for same EN
(conflict)	Error while initialize:	Błąd inicjalizacji:	multiple PL for same EN
(conflict)	Edit mob	Edytuj przeciwnika	multiple PL for same EN
(conflict)	Edit mob	Edytuj moba	multiple PL for same EN
(conflict)	Add bonus	Dodaj premię	multiple PL for same EN
(conflict)	Add bonus	Dodaj bonus	multiple PL for same EN
(conflict)	Roll!	Rzuć!	multiple PL for same EN
(conflict)	Roll!	Rzut!	multiple PL for same EN
(conflict)	Error while selecting Attacker:	Błąd podczas wybierania atakującego:	multiple PL for same EN
(conflict)	Error while selecting Attacker:	Błąd wyboru atakującego:	multiple PL for same EN
(conflict)	Error while selecting Defender:	Błąd podczas wybierania obrońcy:	multiple PL for same EN
(conflict)	Error while selecting Defender:	Błąd wyboru obrońcy:	multiple PL for same EN
(conflict)	skill	umiejętność	multiple PL for same EN
(conflict)	skill	umiejętności	multiple PL for same EN
(conflict)	Error while rolling:	Błąd podczas rzucania:	multiple PL for same EN
(conflict)	Error while rolling:	Błąd rzutu:	multiple PL for same EN
(conflict)	Battle log	Archiwum bitew	multiple PL for same EN
(conflict)	Battle log	Dziennik bitwy	multiple PL for same EN
(conflict)	Failed to load baronies:	Błąd ładowania baronii:	multiple PL for same EN
(conflict)	Failed to load baronies:	Nie udało się załadować baronii:	multiple PL for same EN
(conflict)	Equipment	Ekwipunek	multiple PL for same EN
(conflict)	Equipment	Wyposażenie	multiple PL for same EN
(conflict)	Error while going to latest post:	Błąd przejścia do ostatniego wpisu:	multiple PL for same EN
(conflict)	Error while going to latest post:	Błąd podczas przechodzenia do ostatniego wpisu:	multiple PL for same EN
(conflict)	Select character	Wybierz rozdział	multiple PL for same EN
(conflict)	Select character	Wybierz postać	multiple PL for same EN
